timestamp,stage,evaluation,loss,feasible,l,metrics,pattern_hashes
2026-07-03T16:36:10,stage1,1,0.9955542557190282,1,"[0.35, 0.85, 1.0, 1.0, 1.0, 1.0, 1.0, 1.0]","[{""anchor_offset"": 0, ""c_total"": 0.09485737469664096, ""eta"": 0.9138978581012566, ""reference_version"": 1, ""rmse"": NaN, ""bias"": NaN, ""mae"": NaN, ""p95"": NaN, ""max_error"": NaN}]","[""85cb77f3c35fffd45962""]"
2026-07-03T16:36:26,stage1,2,1.04150007857239,1,"[0.41, 0.85, 1.0, 1.0, 1.0, 1.0, 1.0, 1.0]","[{""anchor_offset"": 0, ""c_total"": 0.09923513724359431, ""eta"": 0.9281435559054574, ""reference_version"": 1, ""rmse"": NaN, ""bias"": NaN, ""mae"": NaN, ""p95"": NaN, ""max_error"": NaN}]","[""93d24caeb7c88b5de431""]"
2026-07-03T16:36:42,stage1,3,1.012880123834587,1,"[0.35, 0.9099999999999999, 1.0, 1.0, 1.0, 1.0, 1.0, 1.0]","[{""anchor_offset"": 0, ""c_total"": 0.0965082002085013, ""eta"": 0.914756897595914, ""reference_version"": 1, ""rmse"": NaN, ""bias"": NaN, ""mae"": NaN, ""p95"": NaN, ""max_error"": NaN}]","[""718bcff877bb95b4a518""]"
2026-07-03T16:36:58,stage1,4,0.9839371976093416,1,"[0.35, 0.85, 0.94, 1.0, 1.0, 1.0, 1.0, 1.0]","[{""anchor_offset"": 0, ""c_total"": 0.09375049013695685, ""eta"": 0.9094463740000991, ""reference_version"": 1, ""rmse"": NaN, ""bias"": NaN, ""mae"": NaN, ""p95"": NaN, ""max_error"": NaN}]","[""8941b34d21840e84c65b""]"
2026-07-03T16:37:14,stage1,5,0.9927133468612822,1,"[0.35, 0.85, 1.0, 0.94, 1.0, 1.0, 1.0, 1.0]","[{""anchor_offset"": 0, ""c_total"": 0.09458669014635135, ""eta"": 0.9235389077925128, ""reference_version"": 1, ""rmse"": NaN, ""bias"": NaN, ""mae"": NaN, ""p95"": NaN, ""max_error"": NaN}]","[""b47e51bb7b5e6e162db5""]"
2026-07-03T16:37:29,stage1,6,1.035829703014786,1,"[0.35, 0.85, 1.0, 1.0, 0.94, 1.0, 1.0, 1.0]","[{""anchor_offset"": 0, ""c_total"": 0.09869485836291214, ""eta"": 0.9040322719390091, ""reference_version"": 1, ""rmse"": NaN, ""bias"": NaN, ""mae"": NaN, ""p95"": NaN, ""max_error"": NaN}]","[""6fb9187916b9617ca8c8""]"
2026-07-03T16:37:45,stage1,7,1.048561988480289,1,"[0.35, 0.85, 1.0, 1.0, 1.0, 0.94, 1.0, 1.0]","[{""anchor_offset"": 0, ""c_total"": 0.09990800286629589, ""eta"": 0.895681284706367, ""reference_version"": 1, ""rmse"": NaN, ""bias"": NaN, ""mae"": NaN, ""p95"": NaN, ""max_error"": NaN}]","[""fe615a183bedf7090759""]"
2026-07-03T16:38:01,stage1,8,1.070176280013262,1,"[0.35, 0.85, 1.0, 1.0, 1.0, 1.0, 0.94, 1.0]","[{""anchor_offset"": 0, ""c_total"": 0.10196743351908824, ""eta"": 0.9122047893098975, ""reference_version"": 1, ""rmse"": NaN, ""bias"": NaN, ""mae"": NaN, ""p95"": NaN, ""max_error"": NaN}]","[""00c2baf07c2c1b7de406""]"
2026-07-03T16:38:17,stage1,9,1.016131914912509,1,"[0.35, 0.85, 1.0, 1.0, 1.0, 1.0, 1.0, 0.94]","[{""anchor_offset"": 0, ""c_total"": 0.09681803401508868, ""eta"": 0.9147504072611488, ""reference_version"": 1, ""rmse"": NaN, ""bias"": NaN, ""mae"": NaN, ""p95"": NaN, ""max_error"": NaN}]","[""421a8e9db8c8a5aa36d3""]"
2026-07-03T16:38:32,stage1,10,1.018997128970055,1,"[0.29, 0.85, 1.0, 1.0, 1.0, 1.0, 1.0, 1.0]","[{""anchor_offset"": 0, ""c_total"": 0.09709103438837968, ""eta"": 0.9062180127791583, ""reference_version"": 1, ""rmse"": NaN, ""bias"": NaN, ""mae"": NaN, ""p95"": NaN, ""max_error"": NaN}]","[""08bac37504dc78aaaf1d""]"
2026-07-03T16:38:48,stage1,11,0.9692790859808067,1,"[0.35, 0.79, 1.0, 1.0, 1.0, 1.0, 1.0, 1.0]","[{""anchor_offset"": 0, ""c_total"": 0.09235385104962866, ""eta"": 0.9053987433266627, ""reference_version"": 1, ""rmse"": NaN, ""bias"": NaN, ""mae"": NaN, ""p95"": NaN, ""max_error"": NaN}]","[""78531920ef45a38562cc""]"
2026-07-03T16:39:04,stage1,12,0.9824977476683062,1,"[0.35, 0.85, 0.88, 1.0, 1.0, 1.0, 1.0, 1.0]","[{""anchor_offset"": 0, ""c_total"": 0.09361333795099665, ""eta"": 0.9049972004536024, ""reference_version"": 1, ""rmse"": NaN, ""bias"": NaN, ""mae"": NaN, ""p95"": NaN, ""max_error"": NaN}]","[""a59194861681bbaa4b37""]"
2026-07-03T16:39:20,stage1,13,1.01553260973367,1,"[0.35, 0.85, 1.0, 0.88, 1.0, 1.0, 1.0, 1.0]","[{""anchor_offset"": 0, ""c_total"": 0.09676093163660932, ""eta"": 0.901194674908317, ""reference_version"": 1, ""rmse"": NaN, ""bias"": NaN, ""mae"": NaN, ""p95"": NaN, ""max_error"": NaN}]","[""41bed168ae811892a3ac""]"
2026-07-03T16:39:36,stage1,14,1.048600008733215,1,"[0.35, 0.85, 1.0, 1.0, 0.88, 1.0, 1.0, 1.0]","[{""anchor_offset"": 0, ""c_total"": 0.09991162547285606, ""eta"": 0.8977011721526861, ""reference_version"": 1, ""rmse"": NaN, ""bias"": NaN, ""mae"": NaN, ""p95"": NaN, ""max_error"": NaN}]","[""f96cef09b0a433f2094a""]"
2026-07-03T16:39:52,stage1,15,1.053449408111959,1,"[0.35, 0.85, 1.0, 1.0, 1.0, 0.88, 1.0, 1.0]","[{""anchor_offset"": 0, ""c_total"": 0.10037368094726215, ""eta"": 0.901070575814662, ""reference_version"": 1, ""rmse"": NaN, ""bias"": NaN, ""mae"": NaN, ""p95"": NaN, ""max_error"": NaN}]","[""1112d1361e4709dcca94""]"
2026-07-03T16:40:08,stage1,16,1.083390743794095,1,"[0.35, 0.85, 1.0, 1.0, 1.0, 1.0, 0.88, 1.0]","[{""anchor_offset"": 0, ""c_total"": 0.10322652043983904, ""eta"": 0.895698582801364, ""reference_version"": 1, ""rmse"": NaN, ""bias"": NaN, ""mae"": NaN, ""p95"": NaN, ""max_error"": NaN}]","[""f53f8c0ca636155af48d""]"
2026-07-03T16:40:24,stage1,17,1.018863691605685,1,"[0.35, 0.85, 1.0, 1.0, 1.0, 1.0, 1.0, 0.88]","[{""anchor_offset"": 0, ""c_total"": 0.09707832034693203, ""eta"": 0.8937462504989655, ""reference_version"": 1, ""rmse"": NaN, ""bias"": NaN, ""mae"": NaN, ""p95"": NaN, ""max_error"": NaN}]","[""936ee02ac0e0ade0c41a""]"
2026-07-03T16:40:39,stage1,18,0.9662452117816146,1,"[0.3464103869272396, 0.7373923499904764, 0.9770961059257566, 0.982825557514167, 1.0, 1.0, 1.0, 1.0]","[{""anchor_offset"": 0, ""c_total"": 0.09206478057452191, ""eta"": 0.9074882520286968, ""reference_version"": 1, ""rmse"": NaN, ""bias"": NaN, ""mae"": NaN, ""p95"": NaN, ""max_error"": NaN}]","[""5933818ef4b18bc5d54f""]"
2026-07-03T16:40:55,stage1,19,0.9642696824995214,1,"[0.3430617056023143, 0.6915682335316724, 0.9787307820413402, 0.9442734561686994, 1.0, 1.0, 1.0, 1.0]","[{""anchor_offset"": 0, ""c_total"": 0.09187655022920502, ""eta"": 0.900440707189224, ""reference_version"": 1, ""rmse"": NaN, ""bias"": NaN, ""mae"": NaN, ""p95"": NaN, ""max_error"": NaN}]","[""845d0fe38f38039faf35""]"
2026-07-03T16:41:11,stage1,20,0.9737273322499949,1,"[0.3431040490997578, 0.7069298311225207, 1.0, 0.9289577093838992, 1.0, 1.0, 1.0, 1.0]","[{""anchor_offset"": 0, ""c_total"": 0.09277768426682943, ""eta"": 0.8993432688226114, ""reference_version"": 1, ""rmse"": NaN, ""bias"": NaN, ""mae"": NaN, ""p95"": NaN, ""max_error"": NaN}]","[""64697d3581e90e093dd2""]"
2026-07-03T16:41:27,stage1,21,0.9607799409343879,1,"[0.3085839709061573, 0.6493547485888227, 0.9608626236407223, 0.9618813071043371, 1.0, 1.0, 1.0, 1.0]","[{""anchor_offset"": 0, ""c_total"": 0.09154404426949796, ""eta"": 0.8854973468405154, ""reference_version"": 1, ""rmse"": NaN, ""bias"": NaN, ""mae"": NaN, ""p95"": NaN, ""max_error"": NaN}]","[""57f2a5be0eee10002227""]"
2026-07-03T16:41:42,stage1,22,0.955968291001226,1,"[0.32858052483640315, 0.6148368196338662, 0.9960353780046101, 0.9896576956750811, 1.0, 1.0, 1.0, 1.0]","[{""anchor_offset"": 0, ""c_total"": 0.09108558559886593, ""eta"": 0.8799722320121625, ""reference_version"": 1, ""rmse"": NaN, ""bias"": NaN, ""mae"": NaN, ""p95"": NaN, ""max_error"": NaN}]","[""2c292037ed83232ed13b""]"
2026-07-03T16:41:58,stage1,23,0.9240722432275698,1,"[0.3614612045201414, 0.6053764438228204, 0.9470158019602829, 0.9845153851551286, 1.0, 1.0, 1.0, 1.0]","[{""anchor_offset"": 0, ""c_total"": 0.0880464992430726, ""eta"": 0.8830069527298097, ""reference_version"": 1, ""rmse"": NaN, ""bias"": NaN, ""mae"": NaN, ""p95"": NaN, ""max_error"": NaN}]","[""bb6590011696c10849c6""]"
2026-07-03T16:42:14,stage1,24,0.9218560295343903,1,"[0.34655797343911315, 0.5805926930945782, 0.8949975854372999, 0.9921156846856658, 1.0, 1.0, 1.0, 1.0]","[{""anchor_offset"": 0, ""c_total"": 0.08783533625371857, ""eta"": 0.8754470358380655, ""reference_version"": 1, ""rmse"": NaN, ""bias"": NaN, ""mae"": NaN, ""p95"": NaN, ""max_error"": NaN}]","[""af8dcd4685c44d035738""]"
2026-07-03T16:42:30,stage1,25,0.9447768835721655,1,"[0.3472174139917323, 0.6322070836876514, 0.9151144697961848, 0.9936262009922479, 1.0, 1.0, 1.0, 0.9770098036971835]","[{""anchor_offset"": 0, ""c_total"": 0.09001925744870956, ""eta"": 0.8768954592150623, ""reference_version"": 1, ""rmse"": NaN, ""bias"": NaN, ""mae"": NaN, ""p95"": NaN, ""max_error"": NaN}]","[""108ace61b40f45421913""]"
2026-07-03T16:44:09,stage1,26,7.381120883301978,1,"[0.35431810731923163, 0.5266677480610227, 0.9188663557725059, 1.0, 1.0, 1.0, 1.0, 1.0]","[{""anchor_offset"": 0, ""c_total"": 0.7032803539199366, ""eta"": 0.8866991229087109, ""reference_version"": 2, ""rmse"": NaN, ""bias"": NaN, ""mae"": NaN, ""p95"": NaN, ""max_error"": NaN}]","[""b6b7117f12093920a3ea""]"
2026-07-03T16:44:25,stage1,27,0.9644832968626815,1,"[0.347257023956559, 0.6353073543455956, 0.9163228108342263, 0.9937169316844023, 1.0, 1.0, 0.987814437133238, 1.0]","[{""anchor_offset"": 0, ""c_total"": 0.09189690361283073, ""eta"": 0.8942206750180524, ""reference_version"": 2, ""rmse"": NaN, ""bias"": NaN, ""mae"": NaN, ""p95"": NaN, ""max_error"": NaN}]","[""b386ae87ffe2de79ce6a""]"
2026-07-03T16:44:40,stage1,28,0.940806309211625,1,"[0.38521066915629193, 0.5908799338792321, 0.8609498323489, 0.9801548953431449, 0.9813126081979164, 0.9813288134709025, 1.0, 1.0]","[{""anchor_offset"": 0, ""c_total"": 0.08964093727407815, ""eta"": 0.8810816923364235, ""reference_version"": 2, ""rmse"": NaN, ""bias"": NaN, ""mae"": NaN, ""p95"": NaN, ""max_error"": NaN}]","[""c11f9e329ef47bc8db39""]"
2026-07-03T16:45:02,stage1,29,6.813263587321699,1,"[0.3435869381202087, 0.5659194464845136, 0.8879142580265752, 0.934446843394666, 1.0, 1.0, 1.0, 1.0]","[{""anchor_offset"": 0, ""c_total"": 0.6491743602088064, ""eta"": 0.8795329844761808, ""reference_version"": 2, ""rmse"": NaN, ""bias"": NaN, ""mae"": NaN, ""p95"": NaN, ""max_error"": NaN}]","[""1709a8330701a807e30d""]"
2026-07-03T16:45:18,stage1,30,0.9066645547920493,1,"[0.36138718837799855, 0.6117232317293256, 0.8465329434739985, 1.0, 1.0, 1.0, 1.0, 1.0]","[{""anchor_offset"": 0, ""c_total"": 0.08638787781179968, ""eta"": 0.8894455755742001, ""reference_version"": 2, ""rmse"": NaN, ""bias"": NaN, ""mae"": NaN, ""p95"": NaN, ""max_error"": NaN}]","[""a40e06dfdaf0cac60152""]"
2026-07-03T16:45:34,stage1,31,2.66777007491825,1,"[0.4194697115053827, 0.6226677206249629, 0.8568595435906954, 1.0, 1.0, 1.0, 1.0, 1.0]","[{""anchor_offset"": 0, ""c_total"": 0.2541877191999327, ""eta"": 0.8968871695877695, ""reference_version"": 2, ""rmse"": NaN, ""bias"": NaN, ""mae"": NaN, ""p95"": NaN, ""max_error"": NaN}]","[""f6f7cf0adb4325ec592a""]"
2026-07-03T16:45:50,stage1,32,16.55238427438128,1,"[0.3190345766006094, 0.6245917593322386, 0.8527893593646545, 1.0, 0.9716902903893633, 0.9717144051692139, 1.0, 1.0]","[{""anchor_offset"": 0, ""c_total"": 1.577127221563403, ""eta"": 1.2614771785301104, ""reference_version"": 2, ""rmse"": NaN, ""bias"": NaN, ""mae"": NaN, ""p95"": NaN, ""max_error"": NaN}]","[""6a2fb08e178109919a41""]"
2026-07-03T16:46:06,stage1,33,6.769426043496003,1,"[0.3590306245827155, 0.6610342984056825, 0.8782927508270231, 1.0, 0.9875830781907347, 1.0, 1.0, 1.0]","[{""anchor_offset"": 0, ""c_total"": 0.6449974765316319, ""eta"": 0.8992099390355516, ""reference_version"": 2, ""rmse"": NaN, ""bias"": NaN, ""mae"": NaN, ""p95"": NaN, ""max_error"": NaN}]","[""d379b8442d63d2df79f7""]"
2026-07-03T16:46:22,stage1,34,0.952401292818575,1,"[0.38055972625483236, 0.6069853295310657, 0.852439575393314, 0.9839949719178176, 1.0, 0.9459729988840824, 1.0, 1.0]","[{""anchor_offset"": 0, ""c_total"": 0.0907457185537398, ""eta"": 0.8764938511403001, ""reference_version"": 2, ""rmse"": NaN, ""bias"": NaN, ""mae"": NaN, ""p95"": NaN, ""max_error"": NaN}]","[""b54a53bfc05f6bb5a543""]"
2026-07-03T16:46:38,stage1,35,0.9344252548505154,1,"[0.3590306245827155, 0.6610342984056825, 0.8782927508270231, 1.0, 1.0, 0.9875830781907347, 1.0, 1.0]","[{""anchor_offset"": 0, ""c_total"": 0.08903294422797918, ""eta"": 0.8810118788699018, ""reference_version"": 2, ""rmse"": NaN, ""bias"": NaN, ""mae"": NaN, ""p95"": NaN, ""max_error"": NaN}]","[""6663e4c015b5350a8d8d""]"
2026-07-03T16:46:54,stage1,36,2.919488230343169,1,"[0.4067525670268094, 0.6025964347901963, 0.8576471496514315, 0.9634601803681596, 1.0, 1.0, 1.0, 1.0]","[{""anchor_offset"": 0, ""c_total"": 0.27817166909510316, ""eta"": 1.2851364271443124, ""reference_version"": 2, ""rmse"": NaN, ""bias"": NaN, ""mae"": NaN, ""p95"": NaN, ""max_error"": NaN}]","[""378f2a9239e4e7a4884e""]"
2026-07-03T16:47:10,stage1,37,0.9418089741710582,1,"[0.35050667370634514, 0.5571144996207537, 0.8241834294306428, 1.0, 1.0, 1.0, 1.0, 1.0]","[{""anchor_offset"": 0, ""c_total"": 0.08661802186021664, ""eta"": 0.866381768705753, ""reference_version"": 2, ""rmse"": NaN, ""bias"": NaN, ""mae"": NaN, ""p95"": NaN, ""max_error"": NaN}]","[""c91d72286ae60bac06ac""]"
2026-07-03T16:47:26,stage1,38,0.9688671435692419,1,"[0.38626941403194903, 0.5914949722403505, 0.8784972471692107, 1.0, 1.0, 0.9606302698277874, 1.0, 1.0]","[{""anchor_offset"": 0, ""c_total"": 0.09231460077726754, ""eta"": 0.900396136257982, ""reference_version"": 2, ""rmse"": NaN, ""bias"": NaN, ""mae"": NaN, ""p95"": NaN, ""max_error"": NaN}]","[""2b8c1a22e64acb851ffa""]"
2026-07-03T16:47:42,stage1,39,0.9272261031232303,1,"[0.38387454042206964, 0.6135774391538381, 0.7909372519784079, 1.0, 1.0, 1.0, 1.0, 1.0]","[{""anchor_offset"": 0, ""c_total"": 0.08834700207166762, ""eta"": 0.8900909184273392, ""reference_version"": 2, ""rmse"": NaN, ""bias"": NaN, ""mae"": NaN, ""p95"": NaN, ""max_error"": NaN}]","[""0eb57a7e0ad4ab0684b5""]"
2026-07-03T16:47:58,stage1,40,0.9562028202120449,1,"[0.3987184025344874, 0.6272949560789314, 0.8611727770496311, 1.0, 1.0, 0.9581720533224491, 1.0, 1.0]","[{""anchor_offset"": 0, ""c_total"": 0.09110793176945398, ""eta"": 0.8961411529877167, ""reference_version"": 2, ""rmse"": NaN, ""bias"": NaN, ""mae"": NaN, ""p95"": NaN, ""max_error"": NaN}]","[""cb79f9aaa9a52ddfe658""]"
2026-07-03T16:48:14,stage1,41,12.02235143925369,1,"[0.3849844518988436, 0.5958482946918937, 0.8398513340817848, 1.0, 1.0, 0.9931800568686207, 1.0, 1.0]","[{""anchor_offset"": 0, ""c_total"": 1.1455013010660482, ""eta"": 0.8801846108007477, ""reference_version"": 2, ""rmse"": NaN, ""bias"": NaN, ""mae"": NaN, ""p95"": NaN, ""max_error"": NaN}]","[""355e9fe1de719b3a0206""]"
2026-07-03T16:48:30,stage1,42,19.08258274970965,1,"[0.3584781717930008, 0.6042377206267766, 0.8532957096485795, 0.9892869360260583, 1.0, 1.0, 1.0, 1.0]","[{""anchor_offset"": 0, ""c_total"": 1.8182069853757226, ""eta"": 0.8855261352745852, ""reference_version"": 2, ""rmse"": NaN, ""bias"": NaN, ""mae"": NaN, ""p95"": NaN, ""max_error"": NaN}]","[""3ea7204e0a8a529d2238""]"
2026-07-03T16:48:46,stage1,43,0.9372073862153398,1,"[0.36018410244316296, 0.6132674918970745, 0.8458667749308821, 1.0, 1.0, 1.0, 0.9867759408417789, 0.9932288609806225]","[{""anchor_offset"": 0, ""c_total"": 0.08929802840175716, ""eta"": 0.8798753478787318, ""reference_version"": 2, ""rmse"": NaN, ""bias"": NaN, ""mae"": NaN, ""p95"": NaN, ""max_error"": NaN}]","[""7e7c19df72ebfefc0620""]"
2026-07-03T16:49:02,stage1,44,0.9455156201504084,1,"[0.36000280284919417, 0.6137245020002737, 0.8532333516806228, 0.9993772804796107, 1.0, 1.0, 1.0, 0.997753860139309]","[{""anchor_offset"": 0, ""c_total"": 0.09008964498610589, ""eta"": 0.8790311194889561, ""reference_version"": 2, ""rmse"": NaN, ""bias"": NaN, ""mae"": NaN, ""p95"": NaN, ""max_error"": NaN}]","[""7715c1d98e29eb528a69""]"
2026-07-03T16:49:18,stage1,45,0.9524049956334015,1,"[0.3567922017159175, 0.6143019001627467, 0.8457075853039018, 1.0, 1.0, 1.0, 1.0, 0.9947269220964574]","[{""anchor_offset"": 0, ""c_total"": 0.09074607136152643, ""eta"": 0.8912725117189084, ""reference_version"": 2, ""rmse"": NaN, ""bias"": NaN, ""mae"": NaN, ""p95"": NaN, ""max_error"": NaN}]","[""1bd174a722d9f989c4d6""]"
2026-07-03T16:49:33,stage1,46,0.9305360509515663,1,"[0.35785780406321616, 0.6127956090295683, 0.8470543114648865, 1.0, 0.9976408575324469, 0.9976428670974344, 1.0, 1.0]","[{""anchor_offset"": 0, ""c_total"": 0.08866237710981865, ""eta"": 0.8807272515506032, ""reference_version"": 2, ""rmse"": NaN, ""bias"": NaN, ""mae"": NaN, ""p95"": NaN, ""max_error"": NaN}]","[""5bd310e29a00a6f5118f""]"
2026-07-03T16:49:49,stage1,47,0.9408760390802651,1,"[0.3590432366467239, 0.6121827864218483, 0.8507377826100402, 1.0, 1.0, 1.0, 0.9987295561381755, 1.0]","[{""anchor_offset"": 0, ""c_total"": 0.08964758120356682, ""eta"": 0.8942157764389357, ""reference_version"": 2, ""rmse"": NaN, ""bias"": NaN, ""mae"": NaN, ""p95"": NaN, ""max_error"": NaN}]","[""340122e3ba74fd50c126""]"
2026-07-03T16:50:04,stage1,48,0.932522562752723,1,"[0.36298489986773474, 0.6113284065461373, 0.8470251628006082, 0.9986662476598182, 1.0, 0.9954977499070068, 1.0, 1.0]","[{""anchor_offset"": 0, ""c_total"": 0.08885165388019972, ""eta"": 0.8795378167807772, ""reference_version"": 2, ""rmse"": NaN, ""bias"": NaN, ""mae"": NaN, ""p95"": NaN, ""max_error"": NaN}]","[""708373a93a4901141aed""]"
2026-07-03T16:50:20,stage1,49,0.9421734146757419,1,"[0.3622992292139472, 0.6136004579240449, 0.8474951644328255, 1.0, 1.0, 0.9956904025640778, 1.0, 0.9989296243210402]","[{""anchor_offset"": 0, ""c_total"": 0.08977119640813801, ""eta"": 0.8703669332740681, ""reference_version"": 2, ""rmse"": NaN, ""bias"": NaN, ""mae"": NaN, ""p95"": NaN, ""max_error"": NaN}]","[""f561689d403c7b6cb7ba""]"
2026-07-03T16:50:20,stage1,50,0.9066645547920493,1,"[0.36294098548425413, 0.6164755515465243, 0.84649872494609, 1.0, 1.0, 1.0, 1.0, 1.0]","[{""anchor_offset"": 0, ""c_total"": 0.08638787781179968, ""eta"": 0.8894455755742001, ""reference_version"": 2, ""rmse"": NaN, ""bias"": NaN, ""mae"": NaN, ""p95"": NaN, ""max_error"": NaN}]","[""a40e06dfdaf0cac60152""]"
2026-07-03T16:51:59,stage1,51,0.9766752623734137,1,"[0.3599355921675575, 0.6096762934218777, 0.8446395396889845, 1.0, 1.0, 0.9963792059635416, 0.9985830368177765, 1.0]","[{""anchor_offset"": 0, ""c_total"": 0.09305856590707183, ""eta"": 0.8816050077689689, ""reference_version"": 3, ""rmse"": NaN, ""bias"": NaN, ""mae"": NaN, ""p95"": NaN, ""max_error"": NaN}]","[""701559d15309a153b478""]"
2026-07-03T16:52:15,stage1,52,0.9201299924895131,1,"[0.36133932517054, 0.6116750960931975, 0.8415334042878428, 1.0, 1.0, 1.0, 1.0, 1.0]","[{""anchor_offset"": 0, ""c_total"": 0.08767087777065183, ""eta"": 0.9002754253723847, ""reference_version"": 3, ""rmse"": NaN, ""bias"": NaN, ""mae"": NaN, ""p95"": NaN, ""max_error"": NaN}]","[""a40e06dfdaf0cac60152""]"
2026-07-03T16:52:31,stage1,53,0.9272084873622749,1,"[0.36366845025030164, 0.6113792320808585, 0.8482460915782442, 1.0, 0.9961537799496814, 0.9986038540873972, 1.0, 1.0]","[{""anchor_offset"": 0, ""c_total"": 0.08834532362488492, ""eta"": 0.8997964146207215, ""reference_version"": 3, ""rmse"": NaN, ""bias"": NaN, ""mae"": NaN, ""p95"": NaN, ""max_error"": NaN}]","[""5bd310e29a00a6f5118f""]"
2026-07-03T16:52:46,stage1,54,0.9318599093833589,1,"[0.3651676365987328, 0.6109626653177315, 0.8474591273221179, 0.99695501503068, 1.0, 1.0, 1.0, 1.0]","[{""anchor_offset"": 0, ""c_total"": 0.0887885156247097, ""eta"": 0.883156220090959, ""reference_version"": 3, ""rmse"": NaN, ""bias"": NaN, ""mae"": NaN, ""p95"": NaN, ""max_error"": NaN}]","[""012a76ec3447fb060550""]"
2026-07-03T16:53:02,stage1,55,0.9246519381568808,1,"[0.361962231081835, 0.6135765944444683, 0.8507868629628967, 1.0, 1.0, 0.9982284070679595, 1.0, 1.0]","[{""anchor_offset"": 0, ""c_total"": 0.08810173313796434, ""eta"": 0.8926350545798992, ""reference_version"": 3, ""rmse"": NaN, ""bias"": NaN, ""mae"": NaN, ""p95"": NaN, ""max_error"": NaN}]","[""f561689d403c7b6cb7ba""]"
2026-07-03T16:53:02,stage1,56,0.9201299924895131,1,"[0.3568681968031994, 0.6138583564651614, 0.8466742145231078, 1.0, 1.0, 1.0, 1.0, 1.0]","[{""anchor_offset"": 0, ""c_total"": 0.08767087777065183, ""eta"": 0.9002754253723847, ""reference_version"": 3, ""rmse"": NaN, ""bias"": NaN, ""mae"": NaN, ""p95"": NaN, ""max_error"": NaN}]","[""a40e06dfdaf0cac60152""]"
2026-07-03T16:53:18,stage1,57,0.9466551358468006,1,"[0.3622730222912222, 0.6139776562698075, 0.849038713562221, 1.0, 1.0, 1.0, 1.0, 0.9964147546061078]","[{""anchor_offset"": 0, ""c_total"": 0.09019821914644366, ""eta"": 0.8870138904009457, ""reference_version"": 3, ""rmse"": NaN, ""bias"": NaN, ""mae"": NaN, ""p95"": NaN, ""max_error"": NaN}]","[""7715c1d98e29eb528a69""]"
2026-07-03T16:53:34,stage1,58,0.9291457270838599,1,"[0.36041751618299933, 0.6092280613618093, 0.8487871988655256, 0.9964289786753527, 1.0, 1.0, 1.0, 1.0]","[{""anchor_offset"": 0, ""c_total"": 0.08852990570375403, ""eta"": 0.8911344180655626, ""reference_version"": 3, ""rmse"": NaN, ""bias"": NaN, ""mae"": NaN, ""p95"": NaN, ""max_error"": NaN}]","[""a8465930d56781fde8a5""]"
2026-07-03T16:53:34,stage1,59,0.9318599093833589,1,"[0.3615646187686763, 0.6134344983074665, 0.8436454993504853, 0.9963129439035636, 0.9998311050153599, 1.0, 1.0, 0.9997174342298054]","[{""anchor_offset"": 0, ""c_total"": 0.0887885156247097, ""eta"": 0.883156220090959, ""reference_version"": 3, ""rmse"": NaN, ""bias"": NaN, ""mae"": NaN, ""p95"": NaN, ""max_error"": NaN}]","[""012a76ec3447fb060550""]"
2026-07-03T16:53:50,stage1,60,0.9553128149255395,1,"[0.36098615973305337, 0.6122379851185752, 0.8463108872929598, 1.0, 1.0, 1.0, 0.995591980280593, 0.9977429536602075]","[{""anchor_offset"": 0, ""c_total"": 0.09102313120287606, ""eta"": 0.890380988186039, ""reference_version"": 3, ""rmse"": NaN, ""bias"": NaN, ""mae"": NaN, ""p95"": NaN, ""max_error"": NaN}]","[""ed1abbeb3d9c003d7133""]"
2026-07-03T16:54:06,stage1,61,0.9408383007542194,1,"[0.3580319848587904, 0.608140372340068, 0.8456540773800992, 1.0, 1.0, 1.0, 1.0, 0.9996348666948962]","[{""anchor_offset"": 0, ""c_total"": 0.08964398545927305, ""eta"": 0.8897917869804164, ""reference_version"": 3, ""rmse"": NaN, ""bias"": NaN, ""mae"": NaN, ""p95"": NaN, ""max_error"": NaN}]","[""b3ad9bca90eaef8905f7""]"
2026-07-03T16:56:23,stage1_rerank,1,0.9236910694469777,1,"[0.36138718837799855, 0.6117232317293256, 0.8465329434739985, 1.0, 1.0, 1.0, 1.0, 1.0]","[{""anchor_offset"": 0, ""c_total"": 0.08801018063570143, ""eta"": 0.8912753441854419, ""reference_version"": 4, ""rmse"": NaN, ""bias"": NaN, ""mae"": NaN, ""p95"": NaN, ""max_error"": NaN}]","[""a40e06dfdaf0cac60152"", ""a40e06dfdaf0cac60152"", ""a40e06dfdaf0cac60152""]"
2026-07-03T16:57:11,stage1_rerank,2,0.9281081523881387,1,"[0.36294098548425413, 0.6164755515465243, 0.84649872494609, 1.0, 1.0, 1.0, 1.0, 1.0]","[{""anchor_offset"": 0, ""c_total"": 0.08843104458079425, ""eta"": 0.8896165960361362, ""reference_version"": 4, ""rmse"": NaN, ""bias"": NaN, ""mae"": NaN, ""p95"": NaN, ""max_error"": NaN}]","[""a40e06dfdaf0cac60152"", ""a40e06dfdaf0cac60152"", ""a40e06dfdaf0cac60152""]"
2026-07-03T16:57:58,stage1_rerank,3,0.9349219829181149,1,"[0.36133932517054, 0.6116750960931975, 0.8415334042878428, 1.0, 1.0, 1.0, 1.0, 1.0]","[{""anchor_offset"": 0, ""c_total"": 0.08908027295984884, ""eta"": 0.8925854715622102, ""reference_version"": 4, ""rmse"": NaN, ""bias"": NaN, ""mae"": NaN, ""p95"": NaN, ""max_error"": NaN}]","[""a40e06dfdaf0cac60152"", ""a40e06dfdaf0cac60152"", ""a40e06dfdaf0cac60152""]"
2026-07-03T16:58:45,stage1_rerank,4,0.9491675677583615,1,"[0.3568681968031994, 0.6138583564651614, 0.8466742145231078, 1.0, 1.0, 1.0, 1.0, 1.0]","[{""anchor_offset"": 0, ""c_total"": 0.09043760609483514, ""eta"": 0.8933126758433265, ""reference_version"": 4, ""rmse"": NaN, ""bias"": NaN, ""mae"": NaN, ""p95"": NaN, ""max_error"": NaN}]","[""a40e06dfdaf0cac60152"", ""a40e06dfdaf0cac60152"", ""a40e06dfdaf0cac60152""]"
2026-07-03T16:59:32,stage1_rerank,5,0.930099505452108,1,"[0.34655797343911315, 0.5805926930945782, 0.8949975854372999, 0.9921156846856658, 1.0, 1.0, 1.0, 1.0]","[{""anchor_offset"": 0, ""c_total"": 0.0886207826313898, ""eta"": 0.8971865556590025, ""reference_version"": 4, ""rmse"": NaN, ""bias"": NaN, ""mae"": NaN, ""p95"": NaN, ""max_error"": NaN}]","[""af8dcd4685c44d035738"", ""af8dcd4685c44d035738"", ""af8dcd4685c44d035738""]"
2026-07-03T17:00:19,stage1_rerank,6,0.9472389412546134,1,"[0.3614612045201414, 0.6053764438228204, 0.9470158019602829, 0.9845153851551286, 1.0, 1.0, 1.0, 1.0]","[{""anchor_offset"": 0, ""c_total"": 0.09025384469171223, ""eta"": 0.8940478796437369, ""reference_version"": 4, ""rmse"": NaN, ""bias"": NaN, ""mae"": NaN, ""p95"": NaN, ""max_error"": NaN}]","[""bb6590011696c10849c6"", ""bb6590011696c10849c6"", ""bb6590011696c10849c6""]"
2026-07-03T17:01:06,stage1_rerank,7,0.9232412615800271,1,"[0.361962231081835, 0.6135765944444683, 0.8507868629628967, 1.0, 1.0, 0.9982284070679595, 1.0, 1.0]","[{""anchor_offset"": 0, ""c_total"": 0.08796732250603977, ""eta"": 0.8869113587719459, ""reference_version"": 4, ""rmse"": NaN, ""bias"": NaN, ""mae"": NaN, ""p95"": NaN, ""max_error"": NaN}]","[""f561689d403c7b6cb7ba"", ""f561689d403c7b6cb7ba"", ""f561689d403c7b6cb7ba""]"
2026-07-03T17:01:54,stage1_rerank,8,0.9385400170788261,1,"[0.36366845025030164, 0.6113792320808585, 0.8482460915782442, 1.0, 0.9961537799496814, 0.9986038540873972, 1.0, 1.0]","[{""anchor_offset"": 0, ""c_total"": 0.08942500276244504, ""eta"": 0.8858373805350332, ""reference_version"": 4, ""rmse"": NaN, ""bias"": NaN, ""mae"": NaN, ""p95"": NaN, ""max_error"": NaN}]","[""5bd310e29a00a6f5118f"", ""5bd310e29a00a6f5118f"", ""5bd310e29a00a6f5118f""]"
2026-07-03T17:02:42,stage1_rerank,9,0.911500949961117,1,"[0.38387454042206964, 0.6135774391538381, 0.7909372519784079, 1.0, 1.0, 1.0, 1.0, 1.0]","[{""anchor_offset"": 0, ""c_total"": 0.08684869423249986, ""eta"": 0.8877006170054141, ""reference_version"": 4, ""rmse"": NaN, ""bias"": NaN, ""mae"": NaN, ""p95"": NaN, ""max_error"": NaN}]","[""0eb57a7e0ad4ab0684b5"", ""0eb57a7e0ad4ab0684b5"", ""0eb57a7e0ad4ab0684b5""]"
2026-07-03T17:03:29,stage1_rerank,10,0.930332580318964,1,"[0.36041751618299933, 0.6092280613618093, 0.8487871988655256, 0.9964289786753527, 1.0, 1.0, 1.0, 1.0]","[{""anchor_offset"": 0, ""c_total"": 0.08864299023067505, ""eta"": 0.8877408622546746, ""reference_version"": 4, ""rmse"": NaN, ""bias"": NaN, ""mae"": NaN, ""p95"": NaN, ""max_error"": NaN}]","[""a8465930d56781fde8a5"", ""a8465930d56781fde8a5"", ""a8465930d56781fde8a5""]"
2026-07-03T17:22:24,stage3,1,0.1993643774636396,1,"[0.38387454042206964, 0.6135774391538381, 0.7909372519784079, 1.0, 1.0, 1.0, 1.0, 1.0]","[{""anchor_offset"": 0, ""c_total"": 0.08948030499793787, ""eta"": 0.8834525229073282, ""reference_version"": 5, ""rmse"": 0.030095059417363932, ""bias"": 0.0033792075746446526, ""mae"": 0.02354553281426336, ""p95"": 0.058383726283460835, ""max_error"": 0.0645352004339741}]","[""f6e2202b4685d78e3e2d"", ""dcc2d5c566f4f51252c8"", ""edccb3fee236554a70f5"", ""d65728769613a61dd864"", ""cf2567e2afb5482a8c93"", ""c5edcfb2e3ced5bed1ff"", ""bc0a9209ebf318b7092c"", ""ab34214ff0a9e47db09d"", ""126c114afd44d2d3a883"", ""ace53a787ea235fc0d5b"", ""0eb57a7e0ad4ab0684b5"", ""f01335f236efdd08eb42"", ""548cc8ec00f30671ba0e"", ""4700bb6c3181bfbe2064""]"
2026-07-03T17:26:11,stage3,2,0.1948737719224922,1,"[0.38887454042206965, 0.6135774391538381, 0.7909372519784079, 1.0, 1.0, 1.0, 1.0, 1.0]","[{""anchor_offset"": 0, ""c_total"": 0.08941362697796254, ""eta"": 0.8921024883446934, ""reference_version"": 5, ""rmse"": 0.029417179836768226, ""bias"": 0.004090061154079587, ""mae"": 0.02262705597500609, ""p95"": 0.06052739628255391, ""max_error"": 0.0611550723359246}]","[""f2a9b6adab834fe88838"", ""dcc2d5c566f4f51252c8"", ""d88c052340769d7bb12e"", ""709d7ceee1f25607b2e9"", ""db27dfbbd368de38ff31"", ""a9803cccffc0b72839e2"", ""b51a8fca89030d169249"", ""ab34214ff0a9e47db09d"", ""9b14fe975eff62b9140f"", ""354ab432f1c0ac092732"", ""44288386f30fb39322d8"", ""8d8383002d230cc75b8c"", ""25445f58019f85afb807"", ""ca3b14a4d7fddba91b0b""]"
2026-07-03T17:26:11,stage3,3,0.1993643774636396,1,"[0.38387454042206964, 0.6185774391538381, 0.7909372519784079, 1.0, 1.0, 1.0, 1.0, 1.0]","[{""anchor_offset"": 0, ""c_total"": 0.08948030499793787, ""eta"": 0.8834525229073282, ""reference_version"": 5, ""rmse"": 0.030095059417363932, ""bias"": 0.0033792075746446526, ""mae"": 0.02354553281426336, ""p95"": 0.058383726283460835, ""max_error"": 0.0645352004339741}]","[""f6e2202b4685d78e3e2d"", ""dcc2d5c566f4f51252c8"", ""edccb3fee236554a70f5"", ""d65728769613a61dd864"", ""cf2567e2afb5482a8c93"", ""c5edcfb2e3ced5bed1ff"", ""bc0a9209ebf318b7092c"", ""ab34214ff0a9e47db09d"", ""126c114afd44d2d3a883"", ""ace53a787ea235fc0d5b"", ""0eb57a7e0ad4ab0684b5"", ""f01335f236efdd08eb42"", ""548cc8ec00f30671ba0e"", ""4700bb6c3181bfbe2064""]"
2026-07-03T17:26:12,stage3,4,0.1993643774636396,1,"[0.38387454042206964, 0.6135774391538381, 0.7959372519784079, 1.0, 1.0, 1.0, 1.0, 1.0]","[{""anchor_offset"": 0, ""c_total"": 0.08948030499793787, ""eta"": 0.8834525229073282, ""reference_version"": 5, ""rmse"": 0.030095059417363932, ""bias"": 0.0033792075746446526, ""mae"": 0.02354553281426336, ""p95"": 0.058383726283460835, ""max_error"": 0.0645352004339741}]","[""f6e2202b4685d78e3e2d"", ""dcc2d5c566f4f51252c8"", ""edccb3fee236554a70f5"", ""d65728769613a61dd864"", ""cf2567e2afb5482a8c93"", ""c5edcfb2e3ced5bed1ff"", ""bc0a9209ebf318b7092c"", ""ab34214ff0a9e47db09d"", ""126c114afd44d2d3a883"", ""ace53a787ea235fc0d5b"", ""0eb57a7e0ad4ab0684b5"", ""f01335f236efdd08eb42"", ""548cc8ec00f30671ba0e"", ""4700bb6c3181bfbe2064""]"
2026-07-03T17:29:53,stage3,5,0.2055086495459059,1,"[0.38387454042206964, 0.6135774391538381, 0.7909372519784079, 0.9974999999999999, 1.0, 1.0, 1.0, 1.0]","[{""anchor_offset"": 0, ""c_total"": 0.08631014960061409, ""eta"": 0.8808792395191115, ""reference_version"": 5, ""rmse"": 0.03102256831210607, ""bias"": 0.002029626424968537, ""mae"": 0.023643153187722372, ""p95"": 0.06203890692968665, ""max_error"": 0.06468605985179887}]","[""f6e2202b4685d78e3e2d"", ""dcc2d5c566f4f51252c8"", ""292daa0e5ee4c209ec28"", ""d65728769613a61dd864"", ""cf2567e2afb5482a8c93"", ""828041701eb197387d78"", ""bc0a9209ebf318b7092c"", ""ab34214ff0a9e47db09d"", ""420f65f5d921c5acd1a3"", ""d1cfd6f0ee903b9815a5"", ""7d37016d119cbc9eb5bc"", ""6a1174ae267913fbffe1"", ""70acc83eb0f3236deb4b"", ""32430832f156e488aef2""]"
2026-07-03T17:33:36,stage3,6,0.2058172709219592,1,"[0.38387454042206964, 0.6135774391538381, 0.7909372519784079, 1.0, 0.9974999999999999, 1.0, 1.0, 1.0]","[{""anchor_offset"": 0, ""c_total"": 0.08772971211015673, ""eta"": 0.8691964781892612, ""reference_version"": 5, ""rmse"": 0.030825496967086925, ""bias"": 0.002053977166951374, ""mae"": 0.024286818398385288, ""p95"": 0.0579297400126722, ""max_error"": 0.06309808362725361}]","[""f6e2202b4685d78e3e2d"", ""dcc2d5c566f4f51252c8"", ""c04ad359691829fe8549"", ""d65728769613a61dd864"", ""cf2567e2afb5482a8c93"", ""9f9b74d3721f5e55a08e"", ""bc0a9209ebf318b7092c"", ""ab34214ff0a9e47db09d"", ""84442fa452dceacc0263"", ""28d1aa155223ad39813a"", ""8d75fc695ddee1d6a95c"", ""58492c3d7bd7ec81da23"", ""8b9cff9dc6eaf14d6e31"", ""200d76c7bcd1ee1526ed""]"
2026-07-03T17:37:25,stage3,7,0.1969959005420522,1,"[0.38387454042206964, 0.6135774391538381, 0.7909372519784079, 1.0, 1.0, 0.9974999999999999, 1.0, 1.0]","[{""anchor_offset"": 0, ""c_total"": 0.08535177000480369, ""eta"": 0.8774160778552824, ""reference_version"": 5, ""rmse"": 0.029737525867034324, ""bias"": 0.002204479826188046, ""mae"": 0.022455873673139736, ""p95"": 0.060147877924902976, ""max_error"": 0.0624600020686929}]","[""f6e2202b4685d78e3e2d"", ""dcc2d5c566f4f51252c8"", ""c355112eef0ed59878d8"", ""d65728769613a61dd864"", ""cf2567e2afb5482a8c93"", ""cd3e476aeb164822ac98"", ""bc0a9209ebf318b7092c"", ""ab34214ff0a9e47db09d"", ""dabbe51a287e03bbf549"", ""ec948889fb836ad814ce"", ""3f2aa48d7f68256fc206"", ""a80bc278daa3d7cc0555"", ""fa0649f80a70a8601024"", ""cc63fbeada90e7eebfb0""]"
2026-07-03T17:41:08,stage3,8,107711.9111426538,1,"[0.38387454042206964, 0.6135774391538381, 0.7909372519784079, 1.0, 1.0, 1.0, 0.9974999999999999, 1.0]","[{""anchor_offset"": 0, ""c_total"": 1.5028650491970696, ""eta"": 0.8920865413714898, ""reference_version"": 5, ""rmse"": 0.02899003971318675, ""bias"": 0.0014177773956852177, ""mae"": 0.02252084683215999, ""p95"": 0.05949867104777547, ""max_error"": 0.06261603057394521}]","[""f6e2202b4685d78e3e2d"", ""dcc2d5c566f4f51252c8"", ""c5804277bca74f459fc8"", ""d65728769613a61dd864"", ""cf2567e2afb5482a8c93"", ""44aacd9e6c74322b8038"", ""bc0a9209ebf318b7092c"", ""ab34214ff0a9e47db09d"", ""b950cf7b2575d774f4e9"", ""8d80f166fe20029aa60d"", ""34a1db1d1d24e689c428"", ""7bf4c423414c650c4fbf"", ""787a63be3e2a78049388"", ""be595d94027110cd8447""]"
2026-07-03T17:44:50,stage3,9,0.1946202657836847,1,"[0.38387454042206964, 0.6135774391538381, 0.7909372519784079, 1.0, 1.0, 1.0, 1.0, 0.9974999999999999]","[{""anchor_offset"": 0, ""c_total"": 0.08577017175006584, ""eta"": 0.8905047554804806, ""reference_version"": 5, ""rmse"": 0.029378911805101098, ""bias"": 0.0006541079617284876, ""mae"": 0.02299626097337932, ""p95"": 0.05917529650320216, ""max_error"": 0.05933088874332909}]","[""f6e2202b4685d78e3e2d"", ""dcc2d5c566f4f51252c8"", ""e884508acae158ae0078"", ""d65728769613a61dd864"", ""cf2567e2afb5482a8c93"", ""650a93a6dbe8bcacff29"", ""bc0a9209ebf318b7092c"", ""ab34214ff0a9e47db09d"", ""c0ef9ebff4aedc8f9cf4"", ""3756084dfb3e07dc2e04"", ""2da2566d669823437f10"", ""a1b7582e91cd853c9ecf"", ""a533954d8b336d6a0e71"", ""0dcd1f1c1881981f56a8""]"
2026-07-03T17:44:51,stage3,10,0.1993643774636396,1,"[0.37887454042206964, 0.6135774391538381, 0.7909372519784079, 1.0, 1.0, 1.0, 1.0, 1.0]","[{""anchor_offset"": 0, ""c_total"": 0.08948030499793787, ""eta"": 0.8834525229073282, ""reference_version"": 5, ""rmse"": 0.030095059417363932, ""bias"": 0.0033792075746446526, ""mae"": 0.02354553281426336, ""p95"": 0.058383726283460835, ""max_error"": 0.0645352004339741}]","[""f6e2202b4685d78e3e2d"", ""dcc2d5c566f4f51252c8"", ""edccb3fee236554a70f5"", ""d65728769613a61dd864"", ""cf2567e2afb5482a8c93"", ""c5edcfb2e3ced5bed1ff"", ""bc0a9209ebf318b7092c"", ""ab34214ff0a9e47db09d"", ""126c114afd44d2d3a883"", ""ace53a787ea235fc0d5b"", ""0eb57a7e0ad4ab0684b5"", ""f01335f236efdd08eb42"", ""548cc8ec00f30671ba0e"", ""4700bb6c3181bfbe2064""]"
2026-07-03T17:48:39,stage3,11,0.1945064849873008,1,"[0.38387454042206964, 0.6085774391538381, 0.7909372519784079, 1.0, 1.0, 1.0, 1.0, 1.0]","[{""anchor_offset"": 0, ""c_total"": 0.08915880756362021, ""eta"": 0.8798906677841835, ""reference_version"": 5, ""rmse"": 0.029361736019380025, ""bias"": 0.00021910035469413898, ""mae"": 0.02264636384760627, ""p95"": 0.05995467863474273, ""max_error"": 0.06107807697569134}]","[""f6e2202b4685d78e3e2d"", ""dcc2d5c566f4f51252c8"", ""b888a51afefb01ecd50e"", ""d65728769613a61dd864"", ""cf2567e2afb5482a8c93"", ""75384d3f05e5c5f9c7e1"", ""bc0a9209ebf318b7092c"", ""ab34214ff0a9e47db09d"", ""fdf4942c7ffeb4839ad5"", ""c2c80ef7e14be317ece6"", ""ba5192f357a72920b954"", ""da5fe701a05b06970a76"", ""7dd7cdb0e806007b328f"", ""1f43b308fee6a6e4d7fa""]"
2026-07-03T17:52:20,stage3,12,0.3915974113832043,1,"[0.38387454042206964, 0.6135774391538381, 0.7859372519784079, 1.0, 1.0, 1.0, 1.0, 1.0]","[{""anchor_offset"": 0, ""c_total"": 0.08550025678124765, ""eta"": 0.8829691711988136, ""reference_version"": 5, ""rmse"": 0.05911360651886184, ""bias"": 0.012463141164140634, ""mae"": 0.034602963260818576, ""p95"": 0.10523490571914218, ""max_error"": 0.19475396399751577}]","[""f6e2202b4685d78e3e2d"", ""dcc2d5c566f4f51252c8"", ""c5217dd3aa6511905ac7"", ""d65728769613a61dd864"", ""cf2567e2afb5482a8c93"", ""4f655cebcb9563c79bc5"", ""a245800ea9b094ef5655"", ""f4cba49f79c74c15ad65"", ""42939a754b3159f23af6"", ""a04472a217a92da0bc5d"", ""19a9aa82760fe1b21e13"", ""6b070832efe8313f7b03"", ""5e1eeb867b4949b8ff4e"", ""0a663d989c7de40e35c4""]"
2026-07-03T17:56:09,stage3,13,0.1965645932627821,1,"[0.38387454042206964, 0.6135774391538381, 0.7909372519784079, 0.995, 1.0, 1.0, 1.0, 1.0]","[{""anchor_offset"": 0, ""c_total"": 0.0828707331097031, ""eta"": 0.8810905013701877, ""reference_version"": 5, ""rmse"": 0.029672417855453142, ""bias"": 0.0002862619882670237, ""mae"": 0.02301049891935309, ""p95"": 0.06124847914595184, ""max_error"": 0.06151052047825459}]","[""f6e2202b4685d78e3e2d"", ""dcc2d5c566f4f51252c8"", ""3aa4d616919bc2317589"", ""d65728769613a61dd864"", ""cf2567e2afb5482a8c93"", ""dcdc0570bbe0aae617be"", ""bc0a9209ebf318b7092c"", ""ab34214ff0a9e47db09d"", ""cff644fbe23be1a89237"", ""b6c14a7ec98eb4ed579f"", ""c91abee87cd7bf4bfe13"", ""563d0843c90232b33d05"", ""b128ca3861fa96e7bb99"", ""da9ca5c6b2fff52228ba""]"
2026-07-03T17:59:52,stage3,14,0.1930168976939421,1,"[0.38387454042206964, 0.6135774391538381, 0.7909372519784079, 1.0, 0.995, 1.0, 1.0, 1.0]","[{""anchor_offset"": 0, ""c_total"": 0.08421104875151063, ""eta"": 0.8842017836982942, ""reference_version"": 5, ""rmse"": 0.029136875296159014, ""bias"": 0.0014543528747491918, ""mae"": 0.023057827624783152, ""p95"": 0.05855482693782511, ""max_error"": 0.0591748579957673}]","[""f6e2202b4685d78e3e2d"", ""dcc2d5c566f4f51252c8"", ""0c4a5859c73e4ba50b8f"", ""d65728769613a61dd864"", ""cf2567e2afb5482a8c93"", ""03fdc98a9ebfe1f44450"", ""bc0a9209ebf318b7092c"", ""ab34214ff0a9e47db09d"", ""fc748de8db871c8313bd"", ""a78da90b3bca219d72e8"", ""71e521474904bb6445e2"", ""ad87b12b19c05edb4288"", ""0f725eb762c48fd1db3d"", ""eee5e3a19c5eae959bb0""]"
2026-07-03T18:03:36,stage3,15,0.2831651691192078,1,"[0.38387454042206964, 0.6135774391538381, 0.7909372519784079, 1.0, 1.0, 0.995, 1.0, 1.0]","[{""anchor_offset"": 0, ""c_total"": 0.08667511110324334, ""eta"": 0.8804845325109797, ""reference_version"": 5, ""rmse"": 0.0427452120483495, ""bias"": 0.00785656685004234, ""mae"": 0.030055300127971356, ""p95"": 0.08139847260392166, ""max_error"": 0.11619089492736545}]","[""f6e2202b4685d78e3e2d"", ""dcc2d5c566f4f51252c8"", ""c14a48ca5f467d3ea21d"", ""d65728769613a61dd864"", ""cf2567e2afb5482a8c93"", ""7f033b0d35f5d2c7fc81"", ""bc0a9209ebf318b7092c"", ""ab34214ff0a9e47db09d"", ""540306ae2418f0749dd9"", ""77605a5973e7ff775c0d"", ""e7e453f62f213f7bf3ca"", ""785737e0facd803a1d70"", ""fb56af08ca51f7503687"", ""b979c4d7c6bfd4494e1f""]"
2026-07-03T18:07:23,stage3,16,0.1888079199887672,1,"[0.38387454042206964, 0.6135774391538381, 0.7909372519784079, 1.0, 1.0, 1.0, 0.995, 1.0]","[{""anchor_offset"": 0, ""c_total"": 0.08538840967435447, ""eta"": 0.8824614216980714, ""reference_version"": 5, ""rmse"": 0.028501508859410805, ""bias"": 0.0002560244674611249, ""mae"": 0.02163703607838119, ""p95"": 0.06029799656407642, ""max_error"": 0.0622294830008559}]","[""f6e2202b4685d78e3e2d"", ""dcc2d5c566f4f51252c8"", ""24fabcfedb3e6cbc8c88"", ""d65728769613a61dd864"", ""cf2567e2afb5482a8c93"", ""a0607dd950f4ccb7d4bf"", ""bc0a9209ebf318b7092c"", ""ab34214ff0a9e47db09d"", ""df60a78d886889ffc72a"", ""b51089ca086bc58d2f79"", ""a23a66b46f52185b304c"", ""2c97e515eeeaeb63837d"", ""0a9539d63fbce6840c0c"", ""0c6f5a34c686590aa524""]"
2026-07-03T18:11:04,stage3,17,0.5280441346066397,1,"[0.38387454042206964, 0.6135774391538381, 0.7909372519784079, 1.0, 1.0, 1.0, 1.0, 0.995]","[{""anchor_offset"": 0, ""c_total"": 0.08447118648631491, ""eta"": 0.8585959602432697, ""reference_version"": 5, ""rmse"": 0.030630866848643887, ""bias"": -0.0012468434333392589, ""mae"": 0.02306766451629183, ""p95"": 0.058450436181101566, ""max_error"": 0.060742579191976176}]","[""f6e2202b4685d78e3e2d"", ""dcc2d5c566f4f51252c8"", ""139ed6099e8da91dcaf5"", ""d65728769613a61dd864"", ""cf2567e2afb5482a8c93"", ""756f823096db30945e53"", ""bc0a9209ebf318b7092c"", ""ab34214ff0a9e47db09d"", ""1f8f55c8409bfd142310"", ""d6eeedef0ff6d3917e98"", ""30128a0d4b9ad6842645"", ""4187b81b38a0525fd9ed"", ""4cad2f3d6cf989cb5122"", ""79b61528a4199a9d3140""]"
2026-07-03T18:14:46,stage3,18,0.1890315870219408,1,"[0.3838745404394409, 0.613577439135046, 0.7909372527220336, 1.0, 1.0, 0.9999999998195901, 0.9925, 0.999999999327572]","[{""anchor_offset"": 0, ""c_total"": 0.08287467100103205, ""eta"": 0.9065660876718045, ""reference_version"": 5, ""rmse"": 0.02853527252741761, ""bias"": 0.001971609685636327, ""mae"": 0.020845129597778043, ""p95"": 0.06057827934152974, ""max_error"": 0.06280742718379739}]","[""f6e2202b4685d78e3e2d"", ""dcc2d5c566f4f51252c8"", ""24fabcfedb3e6cbc8c88"", ""d65728769613a61dd864"", ""cf2567e2afb5482a8c93"", ""a0607dd950f4ccb7d4bf"", ""4001372871460721f42c"", ""bb242fdaf573ff4be8a8"", ""fd7a37ec6df53f284a0a"", ""b51089ca086bc58d2f79"", ""a23a66b46f52185b304c"", ""2c97e515eeeaeb63837d"", ""0a9539d63fbce6840c0c"", ""0c6f5a34c686590aa524""]"
2026-07-03T18:14:46,stage3,19,0.1888079199887672,1,"[0.38399127266215677, 0.6134511593587776, 0.7959342938030761, 1.0, 1.0, 1.0, 0.9950000001111025, 1.0]","[{""anchor_offset"": 0, ""c_total"": 0.08538840967435447, ""eta"": 0.8824614216980714, ""reference_version"": 5, ""rmse"": 0.028501508859410805, ""bias"": 0.0002560244674611249, ""mae"": 0.02163703607838119, ""p95"": 0.06029799656407642, ""max_error"": 0.0622294830008559}]","[""f6e2202b4685d78e3e2d"", ""dcc2d5c566f4f51252c8"", ""24fabcfedb3e6cbc8c88"", ""d65728769613a61dd864"", ""cf2567e2afb5482a8c93"", ""a0607dd950f4ccb7d4bf"", ""bc0a9209ebf318b7092c"", ""ab34214ff0a9e47db09d"", ""df60a78d886889ffc72a"", ""b51089ca086bc58d2f79"", ""a23a66b46f52185b304c"", ""2c97e515eeeaeb63837d"", ""0a9539d63fbce6840c0c"", ""0c6f5a34c686590aa524""]"
2026-07-03T18:18:34,stage3,20,0.1906833472129235,1,"[0.3837970302621044, 0.6136612893316936, 0.7874297009929386, 0.9991249975509714, 0.9991249974857791, 0.9991249998927986, 0.9946705849422517, 0.9991250064581925]","[{""anchor_offset"": 0, ""c_total"": 0.08523955832124942, ""eta"": 0.8907995313033882, ""reference_version"": 5, ""rmse"": 0.02878461406838536, ""bias"": -0.0007560549743332907, ""mae"": 0.02301584320085547, ""p95"": 0.057937153205012186, ""max_error"": 0.05820783081815767}]","[""f6e2202b4685d78e3e2d"", ""dcc2d5c566f4f51252c8"", ""e669481ba5bb50917f41"", ""d65728769613a61dd864"", ""cf2567e2afb5482a8c93"", ""27b00edd9a5dc4562d46"", ""1283729c293d990f7a1e"", ""c60838052cf1c53fb33e"", ""86cbfb38428888900a6d"", ""c90eea687253bba077b1"", ""c3b7b974b90f80929f19"", ""873a0c0cc545a0039e2b"", ""31f404222df8def2cf0f"", ""d373d422a7f48046635e""]"
2026-07-03T18:22:15,stage3,21,0.188502946333491,1,"[0.38387454042206964, 0.6135774391538381, 0.7909372519784079, 1.0, 0.9982322330470336, 1.0, 0.9967677669529663, 1.0]","[{""anchor_offset"": 0, ""c_total"": 0.08500659120891566, ""eta"": 0.8875149574094443, ""reference_version"": 5, ""rmse"": 0.02845547154626071, ""bias"": -0.0009654882027022503, ""mae"": 0.021977866421675558, ""p95"": 0.05698042828447338, ""max_error"": 0.06007657123509724}]","[""f6e2202b4685d78e3e2d"", ""dcc2d5c566f4f51252c8"", ""805b4637293d864fb876"", ""d65728769613a61dd864"", ""cf2567e2afb5482a8c93"", ""276278c52c0ca24aab56"", ""bc0a9209ebf318b7092c"", ""ab34214ff0a9e47db09d"", ""2d51f0c793262b70c66e"", ""10735f834bd13feae943"", ""f384b46bed85d26b3fb6"", ""2e8a7d8d3d1763231066"", ""76b82bdfdad0a0f0115e"", ""fa36f076cc4ef4f3afa7""]"
2026-07-03T18:25:56,stage3,22,0.1928081725446029,1,"[0.3837908548190034, 0.6136679729641016, 0.7865653130598242, 0.9999296577494899, 0.9978566286505621, 0.999746861810652, 0.9978602646939241, 0.9997468584219389]","[{""anchor_offset"": 0, ""c_total"": 0.08695541693458662, ""eta"": 0.883618109346914, ""reference_version"": 5, ""rmse"": 0.029105367180962235, ""bias"": -0.001978574525145664, ""mae"": 0.022063376412721013, ""p95"": 0.059598664235237526, ""max_error"": 0.06189985917320684}]","[""f6e2202b4685d78e3e2d"", ""dcc2d5c566f4f51252c8"", ""e6906a5f8d12ae10a7da"", ""d65728769613a61dd864"", ""cf2567e2afb5482a8c93"", ""ca9363f6e1bb2d970e76"", ""a245800ea9b094ef5655"", ""f4cba49f79c74c15ad65"", ""62a32d72facf3f5e0394"", ""aaf5b001ddddb2aa47a2"", ""2be0c6d7422b6a7ef50d"", ""24b65428206adade4c18"", ""3b9dfe1b32c0d620db97"", ""9ed7220cd7657acbf8e5""]"
2026-07-03T18:29:44,stage3,23,0.197042177477656,1,"[0.38387454042206964, 0.6135774391538381, 0.7909372519784079, 1.0, 0.9991161165235168, 0.9987499999999998, 0.9983838834764833, 1.0]","[{""anchor_offset"": 0, ""c_total"": 0.08662180279028257, ""eta"": 0.8695380623735419, ""reference_version"": 5, ""rmse"": 0.02966398222887086, ""bias"": -0.0015597285424259716, ""mae"": 0.02221763817917314, ""p95"": 0.05681419261968564, ""max_error"": 0.06178356291067977}]","[""f6e2202b4685d78e3e2d"", ""dcc2d5c566f4f51252c8"", ""9e98905baeb4c48de9be"", ""d65728769613a61dd864"", ""cf2567e2afb5482a8c93"", ""a261cb701e9a4b4d1a5f"", ""bc0a9209ebf318b7092c"", ""ab34214ff0a9e47db09d"", ""df0da189ce13e5ad005f"", ""b8179e1225fffecddaa6"", ""6ca5bbbac00e13c0b3a2"", ""d9915c58b56c20214c1c"", ""99bbfc8694228fdc0094"", ""acc2869a815dfc24e2a2""]"
2026-07-03T18:29:44,stage3,24,0.188502946333491,1,"[0.3837827547181061, 0.6136767122846428, 0.7955733501471384, 0.9996991914190064, 0.9975797825852889, 0.9995976693654208, 0.9972061808390466, 0.9999572867991531]","[{""anchor_offset"": 0, ""c_total"": 0.08500659120891566, ""eta"": 0.8875149574094443, ""reference_version"": 5, ""rmse"": 0.02845547154626071, ""bias"": -0.0009654882027022503, ""mae"": 0.021977866421675558, ""p95"": 0.05698042828447338, ""max_error"": 0.06007657123509724}]","[""f6e2202b4685d78e3e2d"", ""dcc2d5c566f4f51252c8"", ""805b4637293d864fb876"", ""d65728769613a61dd864"", ""cf2567e2afb5482a8c93"", ""276278c52c0ca24aab56"", ""bc0a9209ebf318b7092c"", ""ab34214ff0a9e47db09d"", ""2d51f0c793262b70c66e"", ""10735f834bd13feae943"", ""f384b46bed85d26b3fb6"", ""2e8a7d8d3d1763231066"", ""76b82bdfdad0a0f0115e"", ""fa36f076cc4ef4f3afa7""]"
2026-07-03T18:29:44,stage3,25,0.188502946333491,1,"[0.38478828041992064, 0.6125889449901796, 0.7900753179673067, 1.0, 0.9983047501941915, 0.9995611811743461, 0.9959157479579129, 1.0]","[{""anchor_offset"": 0, ""c_total"": 0.08500659120891566, ""eta"": 0.8875149574094443, ""reference_version"": 5, ""rmse"": 0.02845547154626071, ""bias"": -0.0009654882027022503, ""mae"": 0.021977866421675558, ""p95"": 0.05698042828447338, ""max_error"": 0.06007657123509724}]","[""f6e2202b4685d78e3e2d"", ""dcc2d5c566f4f51252c8"", ""805b4637293d864fb876"", ""d65728769613a61dd864"", ""cf2567e2afb5482a8c93"", ""276278c52c0ca24aab56"", ""bc0a9209ebf318b7092c"", ""ab34214ff0a9e47db09d"", ""2d51f0c793262b70c66e"", ""10735f834bd13feae943"", ""f384b46bed85d26b3fb6"", ""2e8a7d8d3d1763231066"", ""76b82bdfdad0a0f0115e"", ""fa36f076cc4ef4f3afa7""]"
2026-07-03T18:34:50,stage3,26,0.1900198857311854,1,"[0.3847935183091822, 0.6138519649340355, 0.7910183260349569, 1.0, 0.9981799670282598, 1.0, 0.9968928821893347, 1.0]","[{""anchor_offset"": 0, ""c_total"": 0.08103281131651538, ""eta"": 0.8915214861208427, ""reference_version"": 6, ""rmse"": 0.028684461207738612, ""bias"": -0.000584381406650264, ""mae"": 0.022514678066860493, ""p95"": 0.05665484340409182, ""max_error"": 0.059253543580367385}]","[""f6e2202b4685d78e3e2d"", ""dcc2d5c566f4f51252c8"", ""805b4637293d864fb876"", ""d65728769613a61dd864"", ""cf2567e2afb5482a8c93"", ""276278c52c0ca24aab56"", ""bc0a9209ebf318b7092c"", ""ab34214ff0a9e47db09d"", ""2d51f0c793262b70c66e"", ""10735f834bd13feae943"", ""f384b46bed85d26b3fb6"", ""2e8a7d8d3d1763231066"", ""76b82bdfdad0a0f0115e"", ""fa36f076cc4ef4f3afa7""]"
2026-07-03T18:34:50,stage3,27,0.1900198857311854,1,"[0.3836928066550425, 0.614386839498486, 0.790828101636198, 1.0, 0.9983688585534736, 0.9999269771940866, 0.9965419713119391, 1.0]","[{""anchor_offset"": 0, ""c_total"": 0.08103281131651538, ""eta"": 0.8915214861208427, ""reference_version"": 6, ""rmse"": 0.028684461207738612, ""bias"": -0.000584381406650264, ""mae"": 0.022514678066860493, ""p95"": 0.05665484340409182, ""max_error"": 0.059253543580367385}]","[""f6e2202b4685d78e3e2d"", ""dcc2d5c566f4f51252c8"", ""805b4637293d864fb876"", ""d65728769613a61dd864"", ""cf2567e2afb5482a8c93"", ""276278c52c0ca24aab56"", ""bc0a9209ebf318b7092c"", ""ab34214ff0a9e47db09d"", ""2d51f0c793262b70c66e"", ""10735f834bd13feae943"", ""f384b46bed85d26b3fb6"", ""2e8a7d8d3d1763231066"", ""76b82bdfdad0a0f0115e"", ""fa36f076cc4ef4f3afa7""]"
2026-07-03T18:34:51,stage3,28,0.1900198857311854,1,"[0.38359747115611514, 0.6137836929642206, 0.7914245160170837, 1.0, 0.9978485492068218, 1.0, 0.9968843994818989, 1.0]","[{""anchor_offset"": 0, ""c_total"": 0.08103281131651538, ""eta"": 0.8915214861208427, ""reference_version"": 6, ""rmse"": 0.028684461207738612, ""bias"": -0.000584381406650264, ""mae"": 0.022514678066860493, ""p95"": 0.05665484340409182, ""max_error"": 0.059253543580367385}]","[""f6e2202b4685d78e3e2d"", ""dcc2d5c566f4f51252c8"", ""805b4637293d864fb876"", ""d65728769613a61dd864"", ""cf2567e2afb5482a8c93"", ""276278c52c0ca24aab56"", ""bc0a9209ebf318b7092c"", ""ab34214ff0a9e47db09d"", ""2d51f0c793262b70c66e"", ""10735f834bd13feae943"", ""f384b46bed85d26b3fb6"", ""2e8a7d8d3d1763231066"", ""76b82bdfdad0a0f0115e"", ""fa36f076cc4ef4f3afa7""]"
2026-07-03T18:34:51,stage3,29,0.1900198857311854,1,"[0.38315374669666663, 0.6130917295609453, 0.7913751270228468, 1.0, 0.9982333105250957, 1.0, 0.9966882219387534, 0.9999170937860159]","[{""anchor_offset"": 0, ""c_total"": 0.08103281131651538, ""eta"": 0.8915214861208427, ""reference_version"": 6, ""rmse"": 0.028684461207738612, ""bias"": -0.000584381406650264, ""mae"": 0.022514678066860493, ""p95"": 0.05665484340409182, ""max_error"": 0.059253543580367385}]","[""f6e2202b4685d78e3e2d"", ""dcc2d5c566f4f51252c8"", ""805b4637293d864fb876"", ""d65728769613a61dd864"", ""cf2567e2afb5482a8c93"", ""276278c52c0ca24aab56"", ""bc0a9209ebf318b7092c"", ""ab34214ff0a9e47db09d"", ""2d51f0c793262b70c66e"", ""10735f834bd13feae943"", ""f384b46bed85d26b3fb6"", ""2e8a7d8d3d1763231066"", ""76b82bdfdad0a0f0115e"", ""fa36f076cc4ef4f3afa7""]"
2026-07-03T18:34:51,stage3,30,0.1900198857311854,1,"[0.38387454042206964, 0.6135774391538381, 0.7909372519784079, 0.9997192416658668, 0.9984307591689738, 1.0, 0.9971307574992925, 1.0]","[{""anchor_offset"": 0, ""c_total"": 0.08103281131651538, ""eta"": 0.8915214861208427, ""reference_version"": 6, ""rmse"": 0.028684461207738612, ""bias"": -0.000584381406650264, ""mae"": 0.022514678066860493, ""p95"": 0.05665484340409182, ""max_error"": 0.059253543580367385}]","[""f6e2202b4685d78e3e2d"", ""dcc2d5c566f4f51252c8"", ""805b4637293d864fb876"", ""d65728769613a61dd864"", ""cf2567e2afb5482a8c93"", ""276278c52c0ca24aab56"", ""bc0a9209ebf318b7092c"", ""ab34214ff0a9e47db09d"", ""2d51f0c793262b70c66e"", ""10735f834bd13feae943"", ""f384b46bed85d26b3fb6"", ""2e8a7d8d3d1763231066"", ""76b82bdfdad0a0f0115e"", ""fa36f076cc4ef4f3afa7""]"
2026-07-03T18:34:52,stage3,31,0.1900198857311854,1,"[0.3830172413870047, 0.613346021250833, 0.7913745378738967, 1.0, 0.9981724704533069, 1.0, 0.9967291052994312, 1.0]","[{""anchor_offset"": 0, ""c_total"": 0.08103281131651538, ""eta"": 0.8915214861208427, ""reference_version"": 6, ""rmse"": 0.028684461207738612, ""bias"": -0.000584381406650264, ""mae"": 0.022514678066860493, ""p95"": 0.05665484340409182, ""max_error"": 0.059253543580367385}]","[""f6e2202b4685d78e3e2d"", ""dcc2d5c566f4f51252c8"", ""805b4637293d864fb876"", ""d65728769613a61dd864"", ""cf2567e2afb5482a8c93"", ""276278c52c0ca24aab56"", ""bc0a9209ebf318b7092c"", ""ab34214ff0a9e47db09d"", ""2d51f0c793262b70c66e"", ""10735f834bd13feae943"", ""f384b46bed85d26b3fb6"", ""2e8a7d8d3d1763231066"", ""76b82bdfdad0a0f0115e"", ""fa36f076cc4ef4f3afa7""]"
2026-07-03T18:34:52,stage3,32,0.1900198857311854,1,"[0.38387454042206964, 0.6135774391538381, 0.7909372519784079, 1.0, 0.9984307591689738, 1.0, 0.9971307574992925, 0.9997192416658668]","[{""anchor_offset"": 0, ""c_total"": 0.08103281131651538, ""eta"": 0.8915214861208427, ""reference_version"": 6, ""rmse"": 0.028684461207738612, ""bias"": -0.000584381406650264, ""mae"": 0.022514678066860493, ""p95"": 0.05665484340409182, ""max_error"": 0.059253543580367385}]","[""f6e2202b4685d78e3e2d"", ""dcc2d5c566f4f51252c8"", ""805b4637293d864fb876"", ""d65728769613a61dd864"", ""cf2567e2afb5482a8c93"", ""276278c52c0ca24aab56"", ""bc0a9209ebf318b7092c"", ""ab34214ff0a9e47db09d"", ""2d51f0c793262b70c66e"", ""10735f834bd13feae943"", ""f384b46bed85d26b3fb6"", ""2e8a7d8d3d1763231066"", ""76b82bdfdad0a0f0115e"", ""fa36f076cc4ef4f3afa7""]"
2026-07-03T18:34:52,stage3,33,0.1900198857311854,1,"[0.3842841865238767, 0.6134334210410143, 0.7917449990711082, 1.0, 0.9982326158149449, 1.0, 0.9969671365235144, 1.0]","[{""anchor_offset"": 0, ""c_total"": 0.08103281131651538, ""eta"": 0.8915214861208427, ""reference_version"": 6, ""rmse"": 0.028684461207738612, ""bias"": -0.000584381406650264, ""mae"": 0.022514678066860493, ""p95"": 0.05665484340409182, ""max_error"": 0.059253543580367385}]","[""f6e2202b4685d78e3e2d"", ""dcc2d5c566f4f51252c8"", ""805b4637293d864fb876"", ""d65728769613a61dd864"", ""cf2567e2afb5482a8c93"", ""276278c52c0ca24aab56"", ""bc0a9209ebf318b7092c"", ""ab34214ff0a9e47db09d"", ""2d51f0c793262b70c66e"", ""10735f834bd13feae943"", ""f384b46bed85d26b3fb6"", ""2e8a7d8d3d1763231066"", ""76b82bdfdad0a0f0115e"", ""fa36f076cc4ef4f3afa7""]"
2026-07-03T18:34:53,stage3,34,0.1900198857311854,1,"[0.38387454042206964, 0.6130159224855718, 0.7909372519784079, 1.0, 0.9984307591689738, 1.0, 0.9971307574992925, 1.0]","[{""anchor_offset"": 0, ""c_total"": 0.08103281131651538, ""eta"": 0.8915214861208427, ""reference_version"": 6, ""rmse"": 0.028684461207738612, ""bias"": -0.000584381406650264, ""mae"": 0.022514678066860493, ""p95"": 0.05665484340409182, ""max_error"": 0.059253543580367385}]","[""f6e2202b4685d78e3e2d"", ""dcc2d5c566f4f51252c8"", ""805b4637293d864fb876"", ""d65728769613a61dd864"", ""cf2567e2afb5482a8c93"", ""276278c52c0ca24aab56"", ""bc0a9209ebf318b7092c"", ""ab34214ff0a9e47db09d"", ""2d51f0c793262b70c66e"", ""10735f834bd13feae943"", ""f384b46bed85d26b3fb6"", ""2e8a7d8d3d1763231066"", ""76b82bdfdad0a0f0115e"", ""fa36f076cc4ef4f3afa7""]"
2026-07-03T18:34:53,stage3,35,0.1900198857311854,1,"[0.3837184566400577, 0.6129120169285497, 0.7902604667029048, 1.0, 0.9981864115554008, 1.0, 0.996638912025271, 1.0]","[{""anchor_offset"": 0, ""c_total"": 0.08103281131651538, ""eta"": 0.8915214861208427, ""reference_version"": 6, ""rmse"": 0.028684461207738612, ""bias"": -0.000584381406650264, ""mae"": 0.022514678066860493, ""p95"": 0.05665484340409182, ""max_error"": 0.059253543580367385}]","[""f6e2202b4685d78e3e2d"", ""dcc2d5c566f4f51252c8"", ""805b4637293d864fb876"", ""d65728769613a61dd864"", ""cf2567e2afb5482a8c93"", ""276278c52c0ca24aab56"", ""bc0a9209ebf318b7092c"", ""ab34214ff0a9e47db09d"", ""2d51f0c793262b70c66e"", ""10735f834bd13feae943"", ""f384b46bed85d26b3fb6"", ""2e8a7d8d3d1763231066"", ""76b82bdfdad0a0f0115e"", ""fa36f076cc4ef4f3afa7""]"
2026-07-03T18:34:54,stage3,36,0.1900198857311854,1,"[0.38387454042206964, 0.6135774391538381, 0.7909372519784079, 1.0, 0.9985857864376269, 1.0, 0.996414213562373, 1.0]","[{""anchor_offset"": 0, ""c_total"": 0.08103281131651538, ""eta"": 0.8915214861208427, ""reference_version"": 6, ""rmse"": 0.028684461207738612, ""bias"": -0.000584381406650264, ""mae"": 0.022514678066860493, ""p95"": 0.05665484340409182, ""max_error"": 0.059253543580367385}]","[""f6e2202b4685d78e3e2d"", ""dcc2d5c566f4f51252c8"", ""805b4637293d864fb876"", ""d65728769613a61dd864"", ""cf2567e2afb5482a8c93"", ""276278c52c0ca24aab56"", ""bc0a9209ebf318b7092c"", ""ab34214ff0a9e47db09d"", ""2d51f0c793262b70c66e"", ""10735f834bd13feae943"", ""f384b46bed85d26b3fb6"", ""2e8a7d8d3d1763231066"", ""76b82bdfdad0a0f0115e"", ""fa36f076cc4ef4f3afa7""]"
2026-07-03T18:34:54,stage3,37,0.1900198857311854,1,"[0.3837439066409084, 0.6141759970247438, 0.7908947345607564, 1.0, 0.9981462952174553, 1.0, 0.9971529014481048, 1.0]","[{""anchor_offset"": 0, ""c_total"": 0.08103281131651538, ""eta"": 0.8915214861208427, ""reference_version"": 6, ""rmse"": 0.028684461207738612, ""bias"": -0.000584381406650264, ""mae"": 0.022514678066860493, ""p95"": 0.05665484340409182, ""max_error"": 0.059253543580367385}]","[""f6e2202b4685d78e3e2d"", ""dcc2d5c566f4f51252c8"", ""805b4637293d864fb876"", ""d65728769613a61dd864"", ""cf2567e2afb5482a8c93"", ""276278c52c0ca24aab56"", ""bc0a9209ebf318b7092c"", ""ab34214ff0a9e47db09d"", ""2d51f0c793262b70c66e"", ""10735f834bd13feae943"", ""f384b46bed85d26b3fb6"", ""2e8a7d8d3d1763231066"", ""76b82bdfdad0a0f0115e"", ""fa36f076cc4ef4f3afa7""]"
2026-07-03T18:34:54,stage3,38,0.1900198857311854,1,"[0.3838578033014564, 0.6135955459158908, 0.7900628641946912, 0.9999859315498979, 0.9981571121677393, 0.9999493723621303, 0.9969862665011578, 0.9999493716843877]","[{""anchor_offset"": 0, ""c_total"": 0.08103281131651538, ""eta"": 0.8915214861208427, ""reference_version"": 6, ""rmse"": 0.028684461207738612, ""bias"": -0.000584381406650264, ""mae"": 0.022514678066860493, ""p95"": 0.05665484340409182, ""max_error"": 0.059253543580367385}]","[""f6e2202b4685d78e3e2d"", ""dcc2d5c566f4f51252c8"", ""805b4637293d864fb876"", ""d65728769613a61dd864"", ""cf2567e2afb5482a8c93"", ""276278c52c0ca24aab56"", ""bc0a9209ebf318b7092c"", ""ab34214ff0a9e47db09d"", ""2d51f0c793262b70c66e"", ""10735f834bd13feae943"", ""f384b46bed85d26b3fb6"", ""2e8a7d8d3d1763231066"", ""76b82bdfdad0a0f0115e"", ""fa36f076cc4ef4f3afa7""]"
2026-07-03T18:34:55,stage3,39,0.1900198857311854,1,"[0.38453944564728515, 0.6130242678817985, 0.7908104662469005, 1.0, 0.9983230182273873, 1.0, 0.9965487071901795, 0.9999477710593129]","[{""anchor_offset"": 0, ""c_total"": 0.08103281131651538, ""eta"": 0.8915214861208427, ""reference_version"": 6, ""rmse"": 0.028684461207738612, ""bias"": -0.000584381406650264, ""mae"": 0.022514678066860493, ""p95"": 0.05665484340409182, ""max_error"": 0.059253543580367385}]","[""f6e2202b4685d78e3e2d"", ""dcc2d5c566f4f51252c8"", ""805b4637293d864fb876"", ""d65728769613a61dd864"", ""cf2567e2afb5482a8c93"", ""276278c52c0ca24aab56"", ""bc0a9209ebf318b7092c"", ""ab34214ff0a9e47db09d"", ""2d51f0c793262b70c66e"", ""10735f834bd13feae943"", ""f384b46bed85d26b3fb6"", ""2e8a7d8d3d1763231066"", ""76b82bdfdad0a0f0115e"", ""fa36f076cc4ef4f3afa7""]"
2026-07-03T18:34:55,stage3,40,0.1900198857311854,1,"[0.38387454042206964, 0.6135774391538381, 0.7909372519784079, 1.0, 0.9984307591689738, 0.9997192416658668, 0.9971307574992925, 1.0]","[{""anchor_offset"": 0, ""c_total"": 0.08103281131651538, ""eta"": 0.8915214861208427, ""reference_version"": 6, ""rmse"": 0.028684461207738612, ""bias"": -0.000584381406650264, ""mae"": 0.022514678066860493, ""p95"": 0.05665484340409182, ""max_error"": 0.059253543580367385}]","[""f6e2202b4685d78e3e2d"", ""dcc2d5c566f4f51252c8"", ""805b4637293d864fb876"", ""d65728769613a61dd864"", ""cf2567e2afb5482a8c93"", ""276278c52c0ca24aab56"", ""bc0a9209ebf318b7092c"", ""ab34214ff0a9e47db09d"", ""2d51f0c793262b70c66e"", ""10735f834bd13feae943"", ""f384b46bed85d26b3fb6"", ""2e8a7d8d3d1763231066"", ""76b82bdfdad0a0f0115e"", ""fa36f076cc4ef4f3afa7""]"
2026-07-03T18:34:56,stage3,41,0.1900198857311854,1,"[0.3842674449718367, 0.6131198048425207, 0.7902385580505206, 1.0, 0.9983484757478017, 0.9998621532252959, 0.9968347879420255, 1.0]","[{""anchor_offset"": 0, ""c_total"": 0.08103281131651538, ""eta"": 0.8915214861208427, ""reference_version"": 6, ""rmse"": 0.028684461207738612, ""bias"": -0.000584381406650264, ""mae"": 0.022514678066860493, ""p95"": 0.05665484340409182, ""max_error"": 0.059253543580367385}]","[""f6e2202b4685d78e3e2d"", ""dcc2d5c566f4f51252c8"", ""805b4637293d864fb876"", ""d65728769613a61dd864"", ""cf2567e2afb5482a8c93"", ""276278c52c0ca24aab56"", ""bc0a9209ebf318b7092c"", ""ab34214ff0a9e47db09d"", ""2d51f0c793262b70c66e"", ""10735f834bd13feae943"", ""f384b46bed85d26b3fb6"", ""2e8a7d8d3d1763231066"", ""76b82bdfdad0a0f0115e"", ""fa36f076cc4ef4f3afa7""]"
2026-07-03T18:47:35,stage3_rerank,1,0.1907281724558596,1,"[0.38387454042206964, 0.6135774391538381, 0.7909372519784079, 1.0, 0.9982322330470336, 1.0, 0.9967677669529663, 1.0]","[{""anchor_offset"": 0, ""c_total"": 0.08597996220010096, ""eta"": 0.8856988911055325, ""reference_version"": 7, ""rmse"": 0.028791380665140115, ""bias"": -0.00017315983589812794, ""mae"": 0.02223098103831838, ""p95"": 0.06030225520595257, ""max_error"": 0.062299318687882244}]","[""f6e2202b4685d78e3e2d"", ""dcc2d5c566f4f51252c8"", ""805b4637293d864fb876"", ""d65728769613a61dd864"", ""cf2567e2afb5482a8c93"", ""276278c52c0ca24aab56"", ""bc0a9209ebf318b7092c"", ""ab34214ff0a9e47db09d"", ""2d51f0c793262b70c66e"", ""10735f834bd13feae943"", ""f384b46bed85d26b3fb6"", ""2e8a7d8d3d1763231066"", ""76b82bdfdad0a0f0115e"", ""fa36f076cc4ef4f3afa7"", ""f6e2202b4685d78e3e2d"", ""dcc2d5c566f4f51252c8"", ""805b4637293d864fb876"", ""d65728769613a61dd864"", ""cf2567e2afb5482a8c93"", ""276278c52c0ca24aab56"", ""bc0a9209ebf318b7092c"", ""ab34214ff0a9e47db09d"", ""2d51f0c793262b70c66e"", ""10735f834bd13feae943"", ""f384b46bed85d26b3fb6"", ""2e8a7d8d3d1763231066"", ""76b82bdfdad0a0f0115e"", ""fa36f076cc4ef4f3afa7"", ""f6e2202b4685d78e3e2d"", ""dcc2d5c566f4f51252c8"", ""805b4637293d864fb876"", ""d65728769613a61dd864"", ""cf2567e2afb5482a8c93"", ""276278c52c0ca24aab56"", ""bc0a9209ebf318b7092c"", ""ab34214ff0a9e47db09d"", ""2d51f0c793262b70c66e"", ""10735f834bd13feae943"", ""f384b46bed85d26b3fb6"", ""2e8a7d8d3d1763231066"", ""76b82bdfdad0a0f0115e"", ""fa36f076cc4ef4f3afa7""]"
2026-07-03T18:58:42,stage3_rerank,2,0.1882742126643072,1,"[0.3837827547181061, 0.6136767122846428, 0.7955733501471384, 0.9996991914190064, 0.9975797825852889, 0.9995976693654208, 0.9972061808390466, 0.9999572867991531]","[{""anchor_offset"": 0, ""c_total"": 0.0856648954286522, ""eta"": 0.8945631882809884, ""reference_version"": 7, ""rmse"": 0.02842094304396549, ""bias"": -3.5792291970632295e-05, ""mae"": 0.021856772829520938, ""p95"": 0.058980665165052196, ""max_error"": 0.062366551981609286}]","[""f6e2202b4685d78e3e2d"", ""dcc2d5c566f4f51252c8"", ""805b4637293d864fb876"", ""d65728769613a61dd864"", ""cf2567e2afb5482a8c93"", ""276278c52c0ca24aab56"", ""bc0a9209ebf318b7092c"", ""ab34214ff0a9e47db09d"", ""2d51f0c793262b70c66e"", ""10735f834bd13feae943"", ""f384b46bed85d26b3fb6"", ""2e8a7d8d3d1763231066"", ""76b82bdfdad0a0f0115e"", ""fa36f076cc4ef4f3afa7"", ""f6e2202b4685d78e3e2d"", ""dcc2d5c566f4f51252c8"", ""805b4637293d864fb876"", ""d65728769613a61dd864"", ""cf2567e2afb5482a8c93"", ""276278c52c0ca24aab56"", ""bc0a9209ebf318b7092c"", ""ab34214ff0a9e47db09d"", ""2d51f0c793262b70c66e"", ""10735f834bd13feae943"", ""f384b46bed85d26b3fb6"", ""2e8a7d8d3d1763231066"", ""76b82bdfdad0a0f0115e"", ""fa36f076cc4ef4f3afa7"", ""f6e2202b4685d78e3e2d"", ""dcc2d5c566f4f51252c8"", ""805b4637293d864fb876"", ""d65728769613a61dd864"", ""cf2567e2afb5482a8c93"", ""276278c52c0ca24aab56"", ""bc0a9209ebf318b7092c"", ""ab34214ff0a9e47db09d"", ""2d51f0c793262b70c66e"", ""10735f834bd13feae943"", ""f384b46bed85d26b3fb6"", ""2e8a7d8d3d1763231066"", ""76b82bdfdad0a0f0115e"", ""fa36f076cc4ef4f3afa7""]"
2026-07-03T19:09:50,stage3_rerank,3,0.188473402514324,1,"[0.38478828041992064, 0.6125889449901796, 0.7900753179673067, 1.0, 0.9983047501941915, 0.9995611811743461, 0.9959157479579129, 1.0]","[{""anchor_offset"": 0, ""c_total"": 0.08365770253991262, ""eta"": 0.8873801771960445, ""reference_version"": 7, ""rmse"": 0.028451011757583515, ""bias"": -0.00017795074683388322, ""mae"": 0.021493711046756212, ""p95"": 0.06084354442970938, ""max_error"": 0.0641249007542265}]","[""f6e2202b4685d78e3e2d"", ""dcc2d5c566f4f51252c8"", ""805b4637293d864fb876"", ""d65728769613a61dd864"", ""cf2567e2afb5482a8c93"", ""276278c52c0ca24aab56"", ""bc0a9209ebf318b7092c"", ""ab34214ff0a9e47db09d"", ""2d51f0c793262b70c66e"", ""10735f834bd13feae943"", ""f384b46bed85d26b3fb6"", ""2e8a7d8d3d1763231066"", ""76b82bdfdad0a0f0115e"", ""fa36f076cc4ef4f3afa7"", ""f6e2202b4685d78e3e2d"", ""dcc2d5c566f4f51252c8"", ""805b4637293d864fb876"", ""d65728769613a61dd864"", ""cf2567e2afb5482a8c93"", ""276278c52c0ca24aab56"", ""bc0a9209ebf318b7092c"", ""ab34214ff0a9e47db09d"", ""2d51f0c793262b70c66e"", ""10735f834bd13feae943"", ""f384b46bed85d26b3fb6"", ""2e8a7d8d3d1763231066"", ""76b82bdfdad0a0f0115e"", ""fa36f076cc4ef4f3afa7"", ""f6e2202b4685d78e3e2d"", ""dcc2d5c566f4f51252c8"", ""805b4637293d864fb876"", ""d65728769613a61dd864"", ""cf2567e2afb5482a8c93"", ""276278c52c0ca24aab56"", ""bc0a9209ebf318b7092c"", ""ab34214ff0a9e47db09d"", ""2d51f0c793262b70c66e"", ""10735f834bd13feae943"", ""f384b46bed85d26b3fb6"", ""2e8a7d8d3d1763231066"", ""76b82bdfdad0a0f0115e"", ""fa36f076cc4ef4f3afa7""]"
2026-07-03T19:21:01,stage3_rerank,4,0.1867955169648174,1,"[0.38387454042206964, 0.6135774391538381, 0.7909372519784079, 1.0, 1.0, 1.0, 0.995, 1.0]","[{""anchor_offset"": 0, ""c_total"": 0.08743936834737692, ""eta"": 0.8953725337368609, ""reference_version"": 7, ""rmse"": 0.02819772646183329, ""bias"": 0.000779870355891066, ""mae"": 0.02124368915604917, ""p95"": 0.060099523709239565, ""max_error"": 0.06468988312644147}]","[""f6e2202b4685d78e3e2d"", ""dcc2d5c566f4f51252c8"", ""24fabcfedb3e6cbc8c88"", ""d65728769613a61dd864"", ""cf2567e2afb5482a8c93"", ""a0607dd950f4ccb7d4bf"", ""bc0a9209ebf318b7092c"", ""ab34214ff0a9e47db09d"", ""df60a78d886889ffc72a"", ""b51089ca086bc58d2f79"", ""a23a66b46f52185b304c"", ""2c97e515eeeaeb63837d"", ""0a9539d63fbce6840c0c"", ""0c6f5a34c686590aa524"", ""f6e2202b4685d78e3e2d"", ""dcc2d5c566f4f51252c8"", ""24fabcfedb3e6cbc8c88"", ""d65728769613a61dd864"", ""cf2567e2afb5482a8c93"", ""a0607dd950f4ccb7d4bf"", ""bc0a9209ebf318b7092c"", ""ab34214ff0a9e47db09d"", ""df60a78d886889ffc72a"", ""b51089ca086bc58d2f79"", ""a23a66b46f52185b304c"", ""2c97e515eeeaeb63837d"", ""0a9539d63fbce6840c0c"", ""0c6f5a34c686590aa524"", ""f6e2202b4685d78e3e2d"", ""dcc2d5c566f4f51252c8"", ""24fabcfedb3e6cbc8c88"", ""d65728769613a61dd864"", ""cf2567e2afb5482a8c93"", ""a0607dd950f4ccb7d4bf"", ""bc0a9209ebf318b7092c"", ""ab34214ff0a9e47db09d"", ""df60a78d886889ffc72a"", ""b51089ca086bc58d2f79"", ""a23a66b46f52185b304c"", ""2c97e515eeeaeb63837d"", ""0a9539d63fbce6840c0c"", ""0c6f5a34c686590aa524""]"
2026-07-03T19:32:10,stage3_rerank,5,0.1793264932749015,1,"[0.38399127266215677, 0.6134511593587776, 0.7959342938030761, 1.0, 1.0, 1.0, 0.9950000001111025, 1.0]","[{""anchor_offset"": 0, ""c_total"": 0.0822487378355209, ""eta"": 0.906150385038039, ""reference_version"": 7, ""rmse"": 0.027070239622923396, ""bias"": 0.002158237303487914, ""mae"": 0.020914931647173826, ""p95"": 0.057200033216895874, ""max_error"": 0.0618507399421728}]","[""f6e2202b4685d78e3e2d"", ""dcc2d5c566f4f51252c8"", ""24fabcfedb3e6cbc8c88"", ""d65728769613a61dd864"", ""cf2567e2afb5482a8c93"", ""a0607dd950f4ccb7d4bf"", ""bc0a9209ebf318b7092c"", ""ab34214ff0a9e47db09d"", ""df60a78d886889ffc72a"", ""b51089ca086bc58d2f79"", ""a23a66b46f52185b304c"", ""2c97e515eeeaeb63837d"", ""0a9539d63fbce6840c0c"", ""0c6f5a34c686590aa524"", ""f6e2202b4685d78e3e2d"", ""dcc2d5c566f4f51252c8"", ""24fabcfedb3e6cbc8c88"", ""d65728769613a61dd864"", ""cf2567e2afb5482a8c93"", ""a0607dd950f4ccb7d4bf"", ""bc0a9209ebf318b7092c"", ""ab34214ff0a9e47db09d"", ""df60a78d886889ffc72a"", ""b51089ca086bc58d2f79"", ""a23a66b46f52185b304c"", ""2c97e515eeeaeb63837d"", ""0a9539d63fbce6840c0c"", ""0c6f5a34c686590aa524"", ""f6e2202b4685d78e3e2d"", ""dcc2d5c566f4f51252c8"", ""24fabcfedb3e6cbc8c88"", ""d65728769613a61dd864"", ""cf2567e2afb5482a8c93"", ""a0607dd950f4ccb7d4bf"", ""bc0a9209ebf318b7092c"", ""ab34214ff0a9e47db09d"", ""df60a78d886889ffc72a"", ""b51089ca086bc58d2f79"", ""a23a66b46f52185b304c"", ""2c97e515eeeaeb63837d"", ""0a9539d63fbce6840c0c"", ""0c6f5a34c686590aa524""]"
2026-07-03T19:43:17,stage3_rerank,6,0.1829630727398184,1,"[0.3838745404394409, 0.613577439135046, 0.7909372527220336, 1.0, 1.0, 0.9999999998195901, 0.9925, 0.999999999327572]","[{""anchor_offset"": 0, ""c_total"": 0.08206539883373253, ""eta"": 0.9160165622147382, ""reference_version"": 7, ""rmse"": 0.027619199655126755, ""bias"": 0.003484226126515117, ""mae"": 0.021061025575590323, ""p95"": 0.060375270798475315, ""max_error"": 0.06473794322115559}]","[""f6e2202b4685d78e3e2d"", ""dcc2d5c566f4f51252c8"", ""24fabcfedb3e6cbc8c88"", ""d65728769613a61dd864"", ""cf2567e2afb5482a8c93"", ""a0607dd950f4ccb7d4bf"", ""4001372871460721f42c"", ""bb242fdaf573ff4be8a8"", ""fd7a37ec6df53f284a0a"", ""b51089ca086bc58d2f79"", ""a23a66b46f52185b304c"", ""2c97e515eeeaeb63837d"", ""0a9539d63fbce6840c0c"", ""0c6f5a34c686590aa524"", ""f6e2202b4685d78e3e2d"", ""dcc2d5c566f4f51252c8"", ""24fabcfedb3e6cbc8c88"", ""d65728769613a61dd864"", ""cf2567e2afb5482a8c93"", ""a0607dd950f4ccb7d4bf"", ""4001372871460721f42c"", ""bb242fdaf573ff4be8a8"", ""fd7a37ec6df53f284a0a"", ""b51089ca086bc58d2f79"", ""a23a66b46f52185b304c"", ""2c97e515eeeaeb63837d"", ""0a9539d63fbce6840c0c"", ""0c6f5a34c686590aa524"", ""f6e2202b4685d78e3e2d"", ""dcc2d5c566f4f51252c8"", ""24fabcfedb3e6cbc8c88"", ""d65728769613a61dd864"", ""cf2567e2afb5482a8c93"", ""a0607dd950f4ccb7d4bf"", ""4001372871460721f42c"", ""bb242fdaf573ff4be8a8"", ""fd7a37ec6df53f284a0a"", ""b51089ca086bc58d2f79"", ""a23a66b46f52185b304c"", ""2c97e515eeeaeb63837d"", ""0a9539d63fbce6840c0c"", ""0c6f5a34c686590aa524""]"
2026-07-03T19:54:28,stage3_rerank,7,0.1756316852532982,1,"[0.3847935183091822, 0.6138519649340355, 0.7910183260349569, 1.0, 0.9981799670282598, 1.0, 0.9968928821893347, 1.0]","[{""anchor_offset"": 0, ""c_total"": 0.08333432159178987, ""eta"": 0.917994660957684, ""reference_version"": 7, ""rmse"": 0.026512489696078098, ""bias"": 0.006892305308337441, ""mae"": 0.020731344035622237, ""p95"": 0.05708411932239576, ""max_error"": 0.06269832701606234}]","[""f6e2202b4685d78e3e2d"", ""dcc2d5c566f4f51252c8"", ""805b4637293d864fb876"", ""d65728769613a61dd864"", ""cf2567e2afb5482a8c93"", ""276278c52c0ca24aab56"", ""bc0a9209ebf318b7092c"", ""ab34214ff0a9e47db09d"", ""2d51f0c793262b70c66e"", ""10735f834bd13feae943"", ""f384b46bed85d26b3fb6"", ""2e8a7d8d3d1763231066"", ""76b82bdfdad0a0f0115e"", ""fa36f076cc4ef4f3afa7"", ""f6e2202b4685d78e3e2d"", ""dcc2d5c566f4f51252c8"", ""805b4637293d864fb876"", ""d65728769613a61dd864"", ""cf2567e2afb5482a8c93"", ""276278c52c0ca24aab56"", ""bc0a9209ebf318b7092c"", ""ab34214ff0a9e47db09d"", ""2d51f0c793262b70c66e"", ""10735f834bd13feae943"", ""f384b46bed85d26b3fb6"", ""2e8a7d8d3d1763231066"", ""76b82bdfdad0a0f0115e"", ""fa36f076cc4ef4f3afa7"", ""f6e2202b4685d78e3e2d"", ""dcc2d5c566f4f51252c8"", ""805b4637293d864fb876"", ""d65728769613a61dd864"", ""cf2567e2afb5482a8c93"", ""276278c52c0ca24aab56"", ""bc0a9209ebf318b7092c"", ""ab34214ff0a9e47db09d"", ""2d51f0c793262b70c66e"", ""10735f834bd13feae943"", ""f384b46bed85d26b3fb6"", ""2e8a7d8d3d1763231066"", ""76b82bdfdad0a0f0115e"", ""fa36f076cc4ef4f3afa7""]"
2026-07-03T20:05:36,stage3_rerank,8,0.1863469103588672,1,"[0.3836928066550425, 0.614386839498486, 0.790828101636198, 1.0, 0.9983688585534736, 0.9999269771940866, 0.9965419713119391, 1.0]","[{""anchor_offset"": 0, ""c_total"": 0.08239395098477188, ""eta"": 0.9286803850658254, ""reference_version"": 7, ""rmse"": 0.02813000702954126, ""bias"": 0.0076506701088507375, ""mae"": 0.0226089701657602, ""p95"": 0.059260640288769914, ""max_error"": 0.06342162517998343}]","[""f6e2202b4685d78e3e2d"", ""dcc2d5c566f4f51252c8"", ""805b4637293d864fb876"", ""d65728769613a61dd864"", ""cf2567e2afb5482a8c93"", ""276278c52c0ca24aab56"", ""bc0a9209ebf318b7092c"", ""ab34214ff0a9e47db09d"", ""2d51f0c793262b70c66e"", ""10735f834bd13feae943"", ""f384b46bed85d26b3fb6"", ""2e8a7d8d3d1763231066"", ""76b82bdfdad0a0f0115e"", ""fa36f076cc4ef4f3afa7"", ""f6e2202b4685d78e3e2d"", ""dcc2d5c566f4f51252c8"", ""805b4637293d864fb876"", ""d65728769613a61dd864"", ""cf2567e2afb5482a8c93"", ""276278c52c0ca24aab56"", ""bc0a9209ebf318b7092c"", ""ab34214ff0a9e47db09d"", ""2d51f0c793262b70c66e"", ""10735f834bd13feae943"", ""f384b46bed85d26b3fb6"", ""2e8a7d8d3d1763231066"", ""76b82bdfdad0a0f0115e"", ""fa36f076cc4ef4f3afa7"", ""f6e2202b4685d78e3e2d"", ""dcc2d5c566f4f51252c8"", ""805b4637293d864fb876"", ""d65728769613a61dd864"", ""cf2567e2afb5482a8c93"", ""276278c52c0ca24aab56"", ""bc0a9209ebf318b7092c"", ""ab34214ff0a9e47db09d"", ""2d51f0c793262b70c66e"", ""10735f834bd13feae943"", ""f384b46bed85d26b3fb6"", ""2e8a7d8d3d1763231066"", ""76b82bdfdad0a0f0115e"", ""fa36f076cc4ef4f3afa7""]"
2026-07-03T20:16:44,stage3_rerank,9,0.1838245035046882,1,"[0.38359747115611514, 0.6137836929642206, 0.7914245160170837, 1.0, 0.9978485492068218, 1.0, 0.9968843994818989, 1.0]","[{""anchor_offset"": 0, ""c_total"": 0.07966270223184636, ""eta"": 0.9442184942146638, ""reference_version"": 7, ""rmse"": 0.02774923697865728, ""bias"": 0.008702296533147231, ""mae"": 0.02233586457120085, ""p95"": 0.05527896002899664, ""max_error"": 0.06648273774808752}]","[""f6e2202b4685d78e3e2d"", ""dcc2d5c566f4f51252c8"", ""805b4637293d864fb876"", ""d65728769613a61dd864"", ""cf2567e2afb5482a8c93"", ""276278c52c0ca24aab56"", ""bc0a9209ebf318b7092c"", ""ab34214ff0a9e47db09d"", ""2d51f0c793262b70c66e"", ""10735f834bd13feae943"", ""f384b46bed85d26b3fb6"", ""2e8a7d8d3d1763231066"", ""76b82bdfdad0a0f0115e"", ""fa36f076cc4ef4f3afa7"", ""f6e2202b4685d78e3e2d"", ""dcc2d5c566f4f51252c8"", ""805b4637293d864fb876"", ""d65728769613a61dd864"", ""cf2567e2afb5482a8c93"", ""276278c52c0ca24aab56"", ""bc0a9209ebf318b7092c"", ""ab34214ff0a9e47db09d"", ""2d51f0c793262b70c66e"", ""10735f834bd13feae943"", ""f384b46bed85d26b3fb6"", ""2e8a7d8d3d1763231066"", ""76b82bdfdad0a0f0115e"", ""fa36f076cc4ef4f3afa7"", ""f6e2202b4685d78e3e2d"", ""dcc2d5c566f4f51252c8"", ""805b4637293d864fb876"", ""d65728769613a61dd864"", ""cf2567e2afb5482a8c93"", ""276278c52c0ca24aab56"", ""bc0a9209ebf318b7092c"", ""ab34214ff0a9e47db09d"", ""2d51f0c793262b70c66e"", ""10735f834bd13feae943"", ""f384b46bed85d26b3fb6"", ""2e8a7d8d3d1763231066"", ""76b82bdfdad0a0f0115e"", ""fa36f076cc4ef4f3afa7""]"
2026-07-03T20:27:58,stage3_rerank,10,0.1962251770789974,1,"[0.38315374669666663, 0.6130917295609453, 0.7913751270228468, 1.0, 0.9982333105250957, 1.0, 0.9966882219387534, 0.9999170937860159]","[{""anchor_offset"": 0, ""c_total"": 0.08056508996164355, ""eta"": 0.9497944596431293, ""reference_version"": 7, ""rmse"": 0.029621181268715994, ""bias"": 0.012184137285440422, ""mae"": 0.024278883140752258, ""p95"": 0.06036739792480166, ""max_error"": 0.06441201101509075}]","[""f6e2202b4685d78e3e2d"", ""dcc2d5c566f4f51252c8"", ""805b4637293d864fb876"", ""d65728769613a61dd864"", ""cf2567e2afb5482a8c93"", ""276278c52c0ca24aab56"", ""bc0a9209ebf318b7092c"", ""ab34214ff0a9e47db09d"", ""2d51f0c793262b70c66e"", ""10735f834bd13feae943"", ""f384b46bed85d26b3fb6"", ""2e8a7d8d3d1763231066"", ""76b82bdfdad0a0f0115e"", ""fa36f076cc4ef4f3afa7"", ""f6e2202b4685d78e3e2d"", ""dcc2d5c566f4f51252c8"", ""805b4637293d864fb876"", ""d65728769613a61dd864"", ""cf2567e2afb5482a8c93"", ""276278c52c0ca24aab56"", ""bc0a9209ebf318b7092c"", ""ab34214ff0a9e47db09d"", ""2d51f0c793262b70c66e"", ""10735f834bd13feae943"", ""f384b46bed85d26b3fb6"", ""2e8a7d8d3d1763231066"", ""76b82bdfdad0a0f0115e"", ""fa36f076cc4ef4f3afa7"", ""f6e2202b4685d78e3e2d"", ""dcc2d5c566f4f51252c8"", ""805b4637293d864fb876"", ""d65728769613a61dd864"", ""cf2567e2afb5482a8c93"", ""276278c52c0ca24aab56"", ""bc0a9209ebf318b7092c"", ""ab34214ff0a9e47db09d"", ""2d51f0c793262b70c66e"", ""10735f834bd13feae943"", ""f384b46bed85d26b3fb6"", ""2e8a7d8d3d1763231066"", ""76b82bdfdad0a0f0115e"", ""fa36f076cc4ef4f3afa7""]"
2026-07-03T20:31:37,discrete_refine,1,0.1971957143609191,1,"[0.3847935183091822, 0.6138519649340355, 0.7910183260349569, 1.0, 0.9981799670282598, 1.0, 0.9968928821893347, 1.0]","[{""anchor_offset"": 0, ""c_total"": 0.08168867299659421, ""eta"": 0.9573237541816864, ""reference_version"": 7, ""rmse"": 0.02976768877190084, ""bias"": 0.014727792297675959, ""mae"": 0.02400222667622807, ""p95"": 0.05354697377769328, ""max_error"": 0.05550660538901553}]","[""f6e2202b4685d78e3e2d"", ""dcc2d5c566f4f51252c8"", ""805b4637293d864fb876"", ""d65728769613a61dd864"", ""cf2567e2afb5482a8c93"", ""276278c52c0ca24aab56"", ""bc0a9209ebf318b7092c"", ""ab34214ff0a9e47db09d"", ""2d51f0c793262b70c66e"", ""10735f834bd13feae943"", ""f384b46bed85d26b3fb6"", ""2e8a7d8d3d1763231066"", ""76b82bdfdad0a0f0115e"", ""fa36f076cc4ef4f3afa7""]"
2026-07-03T20:35:17,discrete_refine,2,0.2213258266916929,1,"[0.3947935183091822, 0.6138519649340355, 0.7910183260349569, 1.0, 0.9981799670282598, 1.0, 0.9968928821893347, 1.0]","[{""anchor_offset"": 0, ""c_total"": 0.07913984428142137, ""eta"": 0.9673553942216854, ""reference_version"": 7, ""rmse"": 0.03341025106703679, ""bias"": 0.016065936775987045, ""mae"": 0.02727338745333466, ""p95"": 0.05938097547483486, ""max_error"": 0.0669709331026149}]","[""f2a9b6adab834fe88838"", ""dcc2d5c566f4f51252c8"", ""eb37f45022cb21c4b73a"", ""709d7ceee1f25607b2e9"", ""db27dfbbd368de38ff31"", ""fad58987e63462ff5533"", ""b51a8fca89030d169249"", ""ab34214ff0a9e47db09d"", ""ce6d73b17361198a660a"", ""3536baaaceb74762c32d"", ""40ab936b2c5eae7a174b"", ""e0f0ea17d9afa3b8f73b"", ""a429cba4cbb36c752df9"", ""b4375f86674d0a06d72a""]"
2026-07-03T20:39:07,discrete_refine,3,0.2155735105629298,1,"[0.3847935183091822, 0.6038519649340355, 0.7910183260349569, 1.0, 0.9981799670282598, 1.0, 0.9968928821893347, 1.0]","[{""anchor_offset"": 0, ""c_total"": 0.07851512506701827, ""eta"": 0.9654793995802903, ""reference_version"": 7, ""rmse"": 0.0325419099025569, ""bias"": 0.0178074123896989, ""mae"": 0.026725296594722153, ""p95"": 0.058094799306612294, ""max_error"": 0.0600845995389207}]","[""f6e2202b4685d78e3e2d"", ""dcc2d5c566f4f51252c8"", ""8bb310d3c6d2e29c5c8c"", ""d65728769613a61dd864"", ""cf2567e2afb5482a8c93"", ""7fb20c0c3e166c72e8ab"", ""bc0a9209ebf318b7092c"", ""ab34214ff0a9e47db09d"", ""6ecf62581ee9ede6dedb"", ""489715e9c3a218bc1b3c"", ""0b0694119039bc2d7c16"", ""47c0022de4b8eb663dbc"", ""c2520d3b16e2e2d93cc2"", ""2745ce67e3ce38739127""]"
2026-07-03T20:42:48,discrete_refine,4,0.2216950543196966,1,"[0.3847935183091822, 0.6138519649340355, 0.7810183260349569, 1.0, 0.9981799670282598, 1.0, 0.9968928821893347, 1.0]","[{""anchor_offset"": 0, ""c_total"": 0.07772092082511681, ""eta"": 0.9818033697996258, ""reference_version"": 7, ""rmse"": 0.03346598784180404, ""bias"": 0.019617243007630052, ""mae"": 0.02862983393457549, ""p95"": 0.05605278332984831, ""max_error"": 0.05863450012126403}]","[""9cc9148531284e0c06d1"", ""dcc2d5c566f4f51252c8"", ""e6906a5f8d12ae10a7da"", ""27707998c73f97907526"", ""115c539464f82bb5405c"", ""b5acb8f41cc267c97629"", ""4751b3831dd075296028"", ""f4cba49f79c74c15ad65"", ""62a32d72facf3f5e0394"", ""c189c9b613b9fc818a48"", ""2be0c6d7422b6a7ef50d"", ""24b65428206adade4c18"", ""a371344ee71de37b199d"", ""1c3bdf51e93ff6e83e05""]"
2026-07-03T20:46:28,discrete_refine,5,0.2298395571784152,1,"[0.3847935183091822, 0.6138519649340355, 0.7910183260349569, 0.99, 0.9981799670282598, 1.0, 0.9968928821893347, 1.0]","[{""anchor_offset"": 0, ""c_total"": 0.08315101276786666, ""eta"": 1.028508092282752, ""reference_version"": 7, ""rmse"": 0.034695441671903304, ""bias"": 0.020300914080633458, ""mae"": 0.03052951838544201, ""p95"": 0.054435541453344095, ""max_error"": 0.05942372959682879}]","[""51574ad4ce50d7d9812c"", ""dcc2d5c566f4f51252c8"", ""25e679f926b20c0a2d18"", ""375a22fed4b44cd5c48d"", ""0a0a1b2c5d76740451a5"", ""defb70a9617ba2358160"", ""34095675b0b223126574"", ""2effff9c2a2eda8da905"", ""a56cd8ba58f532da1099"", ""d9409fee8c8efac5e6b2"", ""32199657faa0a921783d"", ""907ad75dc4e4158f0d7b"", ""ed9ab4ebc513c37128a3"", ""7b7bf3ce4100a7de3230""]"
2026-07-03T20:50:15,discrete_refine,6,0.2356579568993505,1,"[0.3847935183091822, 0.6138519649340355, 0.7910183260349569, 1.0, 0.9881799670282598, 1.0, 0.9968928821893347, 1.0]","[{""anchor_offset"": 0, ""c_total"": 0.07937374999543075, ""eta"": 1.003258464477133, ""reference_version"": 7, ""rmse"": 0.035573758488293715, ""bias"": 0.022254938111050553, ""mae"": 0.031233043667610212, ""p95"": 0.058041057016609034, ""max_error"": 0.05822446482018545}]","[""fda55c7e8c34b5168e79"", ""dcc2d5c566f4f51252c8"", ""ec8c9903f359672d8273"", ""39de29667232a287dc96"", ""723b26a17b005ce2c0e9"", ""aca907715486fb2ab704"", ""fb12fdb92366d9460d0d"", ""5977e100ced294b6d38b"", ""98f185764899c162925a"", ""7ee8788f9240a7e8aebe"", ""25af3821c428fa897e3e"", ""e57460c3a1c4a82ee87e"", ""3b3b93fc2ef4d58e68c9"", ""917c2b8386af6ea163e7""]"
2026-07-03T20:53:57,discrete_refine,7,0.2403299676763123,1,"[0.3847935183091822, 0.6138519649340355, 0.7910183260349569, 1.0, 1.0, 1.0, 0.9968928821893347, 1.0]","[{""anchor_offset"": 0, ""c_total"": 0.0755109586816918, ""eta"": 0.9829423218019483, ""reference_version"": 7, ""rmse"": 0.03627902210519475, ""bias"": 0.021053100827625546, ""mae"": 0.031007660485105035, ""p95"": 0.060254269943275304, ""max_error"": 0.06543671549754793}]","[""f6e2202b4685d78e3e2d"", ""dcc2d5c566f4f51252c8"", ""c5804277bca74f459fc8"", ""d65728769613a61dd864"", ""cf2567e2afb5482a8c93"", ""44aacd9e6c74322b8038"", ""bc0a9209ebf318b7092c"", ""ab34214ff0a9e47db09d"", ""b950cf7b2575d774f4e9"", ""8d80f166fe20029aa60d"", ""34a1db1d1d24e689c428"", ""7bf4c423414c650c4fbf"", ""787a63be3e2a78049388"", ""be595d94027110cd8447""]"
2026-07-03T20:57:43,discrete_refine,8,0.2313501804421173,1,"[0.3847935183091822, 0.6138519649340355, 0.7910183260349569, 1.0, 0.9981799670282598, 0.99, 0.9968928821893347, 1.0]","[{""anchor_offset"": 0, ""c_total"": 0.07945336502270738, ""eta"": 0.9791023470814753, ""reference_version"": 7, ""rmse"": 0.03492347788106337, ""bias"": 0.021131398659710206, ""mae"": 0.03029233230828332, ""p95"": 0.05720807012023063, ""max_error"": 0.058197992892103506}]","[""951b5a8de13881051ba8"", ""dcc2d5c566f4f51252c8"", ""b767cc672b84ae36a5f9"", ""aa117a77f5951097e41b"", ""1ccf55790845f1c87562"", ""d16659ed44dcb0f5038d"", ""2c86db23dfc5ba9cd7b0"", ""f3729790e597de6b9231"", ""78ee820bdc8cd89a524f"", ""1c0e70ca932bdd5a5170"", ""59125bf672caa565e8e9"", ""ee606cd94e577d54c83c"", ""5d887a10a90ad70df38a"", ""ccc03a265979752df474""]"
2026-07-03T21:01:24,discrete_refine,9,0.2319880516693494,1,"[0.3847935183091822, 0.6138519649340355, 0.7910183260349569, 1.0, 0.9981799670282598, 1.0, 0.9868928821893347, 1.0]","[{""anchor_offset"": 0, ""c_total"": 0.07983105487893455, ""eta"": 0.9792989883969024, ""reference_version"": 7, ""rmse"": 0.03501976776358101, ""bias"": 0.017429657477279408, ""mae"": 0.029528064175982065, ""p95"": 0.061989191507762983, ""max_error"": 0.0645097407560136}]","[""6754483da23d511d2a52"", ""dcc2d5c566f4f51252c8"", ""bd5ee0be51d982ff7b7a"", ""9bb25f55d052bac70ea2"", ""98f2e15dcd8ce121d97b"", ""892bd65bac53682c2ede"", ""08ab14bb26a9d8412e08"", ""bb242fdaf573ff4be8a8"", ""ef17f9be8416221e19a9"", ""f087884f13d665b9f0d5"", ""94643b7342833b8e581f"", ""cd013e0a7250540d17ef"", ""3890f28804b4f5e44193"", ""a97f1094f8362f76e151""]"
2026-07-03T21:05:06,discrete_refine,10,0.238474999232734,1,"[0.3847935183091822, 0.6138519649340355, 0.7910183260349569, 1.0, 0.9981799670282598, 1.0, 1.0, 1.0]","[{""anchor_offset"": 0, ""c_total"": 0.08095424207451128, ""eta"": 0.9919517505813078, ""reference_version"": 7, ""rmse"": 0.03599900525244981, ""bias"": 0.021341699334191833, ""mae"": 0.02994449019543813, ""p95"": 0.05737550671341278, ""max_error"": 0.05948045401213123}]","[""f6e2202b4685d78e3e2d"", ""dcc2d5c566f4f51252c8"", ""c04ad359691829fe8549"", ""d65728769613a61dd864"", ""cf2567e2afb5482a8c93"", ""9f9b74d3721f5e55a08e"", ""bc0a9209ebf318b7092c"", ""ab34214ff0a9e47db09d"", ""84442fa452dceacc0263"", ""28d1aa155223ad39813a"", ""8d75fc695ddee1d6a95c"", ""58492c3d7bd7ec81da23"", ""8b9cff9dc6eaf14d6e31"", ""200d76c7bcd1ee1526ed""]"
2026-07-03T21:08:52,discrete_refine,11,0.2196931010414704,1,"[0.3847935183091822, 0.6138519649340355, 0.7910183260349569, 1.0, 0.9981799670282598, 1.0, 0.9968928821893347, 0.99]","[{""anchor_offset"": 0, ""c_total"": 0.07804236550527248, ""eta"": 0.982421345712114, ""reference_version"": 7, ""rmse"": 0.033163782886106816, ""bias"": 0.01878832461165993, ""mae"": 0.028368342109408824, ""p95"": 0.05592093480259025, ""max_error"": 0.058343945438986966}]","[""b43c719d837e18a9c235"", ""dcc2d5c566f4f51252c8"", ""2ee31edfca6eedda8e15"", ""619a696f08b61d18c16b"", ""b7afb0dbdcb5b594467f"", ""8ba83c3bfc55a063bcc8"", ""a29be389d30337f47c37"", ""9777650c655d5e40227e"", ""fb56c645b4c46ff813b6"", ""6fe87c460d51e465f67d"", ""048fec8b07391e6005ac"", ""1eb3f2c0e64bbbe09ee5"", ""7cc1b9925bf50f5ef877"", ""d705f0a32fb9d7e217a3""]"
